ID,target
0,90
1,80
2,55
3,91
4,71
5,6
6,27
7,74
8,71
9,83
10,87
11,75
12,81
13,69
14,40
15,43
16,92
17,97
18,70
19,53
20,70
21,39
22,75
23,59
24,21
25,16
26,39
27,8
28,8
29,45
30,20
31,22
32,41
33,73
34,56
35,93
36,58
37,11
38,25
39,37
40,63
41,24
42,49
43,30
44,56
45,22
46,53
47,58
48,19
49,17
50,4
51,6
52,9
53,57
54,64
55,46
56,71
57,52
58,42
59,69
60,77
61,27
62,15
63,38
64,45
65,0
66,43
67,62
68,63
69,92
70,78
71,89
72,61
73,91
74,76
75,32
76,82
77,10
78,77
79,61
80,71
81,78
82,54
83,6
84,1
85,89
86,78
87,27
88,84
89,73
90,22
91,18
92,27
93,21
94,13
95,21
96,50
97,44
98,12
99,89
100,26
101,53
102,96
103,86
104,43
105,69
106,76
107,17
108,57
109,59
110,25
111,20
112,27
113,0
114,9
115,69
116,8
117,43
118,0
119,56
120,85
121,2
122,19
123,92
124,33
125,20
126,21
127,88
128,70
129,46
130,46
131,16
132,90
133,50
134,34
135,91
136,60
137,97
138,52
139,23
140,4
141,35
142,52
143,89
144,24
145,95
146,45
147,39
148,51
149,58
150,41
151,99
152,27
153,71
154,45
155,66
156,58
157,5
158,24
159,80
160,36
161,8
162,87
163,10
164,50
165,47
166,54
167,65
168,51
169,83
170,9
171,23
172,27
173,16
174,95
175,83
176,24
177,73
178,18
179,40
180,33
181,14
182,22
183,65
184,10
185,28
186,25
187,95
188,98
189,83
190,12
191,7
192,40
193,13
194,94
195,24
196,48
197,63
198,7
199,87
200,14
201,78
202,68
203,60
204,6
205,23
206,45
207,31
208,80
209,93
210,30
211,98
212,49
213,41
214,97
215,96
216,57
217,30
218,16
219,81
220,94
221,12
222,99
223,77
224,12
225,44
226,0
227,84
228,7
229,84
230,89
231,57
232,52
233,24
234,65
235,45
236,32
237,36
238,82
239,31
240,49
241,24
242,34
243,15
244,11
245,92
246,80
247,27
248,4
249,39
250,91
251,16
252,64
253,68
254,2
255,97
256,66
257,75
258,45
259,42
260,65
261,76
262,89
263,55
264,19
265,91
266,47
267,1
268,6
269,62
270,99
271,51
272,52
273,57
274,42
275,1
276,67
277,80
278,40
279,62
280,44
281,84
282,28
283,85
284,73
285,21
286,18
287,38
288,42
289,92
290,91
291,11
292,86
293,27
294,96
295,12
296,13
297,50
298,84
299,8
300,96
301,8
302,40
303,7
304,39
305,79
306,76
307,31
308,59
309,28
310,89
311,18
312,41
313,42
314,55
315,11
316,93
317,35
318,61
319,8
320,17
321,89
322,2
323,67
324,12
325,2
326,31
327,73
328,94
329,7
330,71
331,36
332,61
333,62
334,65
335,60
336,93
337,74
338,97
339,73
340,86
341,70
342,68
343,62
344,99
345,66
346,21
347,45
348,72
349,26
350,68
351,4
352,37
353,58
354,48
355,40
356,63
357,14
358,35
359,66
360,64
361,39
362,71
363,94
364,63
365,61
366,88
367,54
368,12
369,38
370,90
371,33
372,28
373,29
374,87
375,29
376,7
377,0
378,94
379,35
380,26
381,6
382,41
383,15
384,69
385,78
386,29
387,73
388,85
389,65
390,40
391,57
392,86
393,30
394,14
395,42
396,4
397,71
398,47
399,30
400,40
401,4
402,42
403,38
404,6
405,57
406,95
407,16
408,73
409,88
410,40
411,47
412,71
413,3
414,32
415,66
416,11
417,8
418,53
419,33
420,3
421,15
422,80
423,96
424,68
425,42
426,77
427,10
428,75
429,15
430,24
431,98
432,69
433,51
434,2
435,34
436,15
437,67
438,36
439,10
440,16
441,5
442,81
443,85
444,26
445,85
446,65
447,26
448,50
449,13
450,10
451,94
452,22
453,18
454,35
455,86
456,64
457,93
458,7
459,5
460,58
461,87
462,76
463,87
464,14
465,38
466,59
467,17
468,6
469,0
470,79
471,97
472,34
473,14
474,73
475,6
476,89
477,42
478,24
479,5
480,12
481,75
482,50
483,7
484,0
485,67
486,79
487,87
488,32
489,3
490,38
491,94
492,49
493,98
494,4
495,90
496,1
497,65
498,89
499,71
500,31
501,28
502,90
503,35
504,22
505,41
506,38
507,58
508,47
509,82
510,68
511,11
512,2
513,72
514,54
515,53
516,73
517,36
518,92
519,54
520,64
521,32
522,80
523,15
524,62
525,11
526,95
527,42
528,81
529,33
530,56
531,63
532,8
533,18
534,70
535,14
536,76
537,19
538,99
539,34
540,43
541,77
542,2
543,27
544,23
545,18
546,37
547,54
548,71
549,78
550,96
551,35
552,95
553,65
554,8
555,42
556,62
557,56
558,15
559,47
560,91
561,4
562,20
563,53
564,4
565,49
566,61
567,45
568,88
569,15
570,36
571,68
572,48
573,2
574,26
575,59
576,65
577,38
578,58
579,96
580,38
581,87
582,82
583,22
584,0
585,41
586,54
587,89
588,10
589,98
590,27
591,81
592,91
593,56
594,9
595,26
596,6
597,73
598,1
599,39
600,98
601,55
602,83
603,16
604,43
605,84
606,75
607,4
608,80
609,77
610,22
611,82
612,81
613,20
614,0
615,48
616,64
617,31
618,10
619,58
620,49
621,39
622,76
623,0
624,17
625,65
626,48
627,1
628,93
629,82
630,75
631,74
632,97
633,72
634,70
635,60
636,61
637,32
638,61
639,84
640,41
641,12
642,85
643,95
644,8
645,62
646,2
647,94
648,74
649,22
650,15
651,97
652,89
653,38
654,19
655,77
656,19
657,5
658,56
659,36
660,45
661,1
662,94
663,80
664,87
665,82
666,17
667,64
668,99
669,97
670,45
671,95
672,83
673,77
674,77
675,28
676,77
677,91
678,27
679,68
680,14
681,14
682,91
683,92
684,97
685,45
686,41
687,21
688,37
689,32
690,80
691,88
692,86
693,92
694,14
695,2
696,11
697,25
698,67
699,78
700,77
701,88
702,42
703,10
704,79
705,26
706,3
707,85
708,78
709,37
710,32
711,90
712,97
713,1
714,82
715,53
716,4
717,19
718,56
719,57
720,50
721,76
722,60
723,87
724,11
725,1
726,61
727,75
728,62
729,3
730,22
731,78
732,90
733,90
734,94
735,88
736,69
737,4
738,83
739,32
740,93
741,77
742,38
743,63
744,10
745,41
746,42
747,83
748,35
749,82
750,50
751,15
752,48
753,83
754,4
755,71
756,16
757,98
758,92
759,7
760,85
761,25
762,96
763,60
764,27
765,80
766,13
767,90
768,54
769,15
770,76
771,39
772,95
773,24
774,7
775,64
776,70
777,88
778,37
779,0
780,12
781,64
782,26
783,79
784,86
785,60
786,22
787,80
788,82
789,14
790,48
791,65
792,72
793,94
794,84
795,1
796,13
797,94
798,62
799,29
800,40
801,23
802,46
803,58
804,99
805,78
806,22
807,53
808,90
809,97
810,0
811,15
812,51
813,52
814,63
815,32
816,6
817,36
818,89
819,7
820,35
821,4
822,55
823,22
824,73
825,54
826,92
827,61
828,53
829,11
830,11
831,62
832,90
833,31
834,26
835,40
836,23
837,71
838,43
839,39
840,84
841,47
842,98
843,19
844,52
845,38
846,32
847,2
848,53
849,21
850,98
851,6
852,34
853,71
854,65
855,1
856,55
857,40
858,26
859,93
860,73
861,96
862,16
863,33
864,9
865,40
866,36
867,68
868,24
869,47
870,20
871,94
872,43
873,53
874,13
875,14
876,41
877,77
878,54
879,10
880,20
881,29
882,76
883,51
884,70
885,26
886,45
887,2
888,33
889,69
890,36
891,18
892,81
893,66
894,47
895,37
896,99
897,28
898,90
899,72
900,15
901,27
902,46
903,86
904,44
905,99
906,80
907,28
908,99
909,51
910,44
911,39
912,8
913,56
914,47
915,28
916,98
917,77
918,45
919,21
920,29
921,81
922,37
923,48
924,96
925,56
926,80
927,47
928,83
929,4
930,2
931,60
932,9
933,68
934,22
935,23
936,4
937,15
938,54
939,97
940,71
941,54
942,83
943,56
944,23
945,42
946,90
947,50
948,87
949,47
950,47
951,10
952,42
953,51
954,10
955,2
956,71
957,13
958,55
959,34
960,80
961,47
962,55
963,51
964,6
965,3
966,76
967,52
968,53
969,34
970,60
971,74
972,28
973,24
974,65
975,69
976,82
977,90
978,70
979,89
980,35
981,43
982,43
983,99
984,81
985,28
986,66
987,35
988,84
989,21
990,49
991,33
992,15
993,12
994,35
995,75
996,36
997,12
998,53
999,91
1000,63
1001,67
1002,94
1003,78
1004,72
1005,90
1006,86
1007,93
1008,30
1009,92
1010,25
1011,60
1012,11
1013,29
1014,0
1015,9
1016,17
1017,50
1018,50
1019,90
1020,27
1021,52
1022,4
1023,48
1024,71
1025,5
1026,97
1027,0
1028,3
1029,41
1030,21
1031,16
1032,51
1033,66
1034,81
1035,77
1036,81
1037,30
1038,95
1039,30
1040,86
1041,10
1042,10
1043,8
1044,6
1045,40
1046,93
1047,11
1048,50
1049,93
1050,16
1051,17
1052,39
1053,93
1054,20
1055,80
1056,81
1057,26
1058,52
1059,45
1060,19
1061,29
1062,57
1063,60
1064,60
1065,36
1066,23
1067,42
1068,27
1069,15
1070,41
1071,55
1072,14
1073,20
1074,49
1075,28
1076,20
1077,33
1078,7
1079,56
1080,14
1081,89
1082,1
1083,90
1084,44
1085,50
1086,23
1087,93
1088,96
1089,52
1090,15
1091,42
1092,37
1093,93
1094,8
1095,70
1096,48
1097,83
1098,40
1099,89
1100,55
1101,38
1102,15
1103,63
1104,76
1105,74
1106,54
1107,60
1108,33
1109,49
1110,1
1111,92
1112,44
1113,69
1114,98
1115,86
1116,25
1117,26
1118,40
1119,5
1120,21
1121,94
1122,82
1123,64
1124,19
1125,93
1126,11
1127,61
1128,81
1129,69
1130,9
1131,91
1132,47
1133,34
1134,41
1135,41
1136,0
1137,0
1138,62
1139,78
1140,80
1141,76
1142,5
1143,72
1144,52
1145,58
1146,45
1147,32
1148,37
1149,63
1150,61
1151,19
1152,2
1153,49
1154,64
1155,58
1156,18
1157,62
1158,52
1159,53
1160,41
1161,33
1162,45
1163,25
1164,67
1165,42
1166,95
1167,24
1168,46
1169,24
1170,31
1171,0
1172,16
1173,2
1174,47
1175,51
1176,31
1177,54
1178,60
1179,8
1180,95
1181,89
1182,6
1183,63
1184,15
1185,93
1186,63
1187,49
1188,37
1189,38
1190,66
1191,10
1192,27
1193,53
1194,12
1195,93
1196,33
1197,21
1198,47
1199,31
1200,4
1201,77
1202,55
1203,64
1204,92
1205,69
1206,5
1207,37
1208,41
1209,14
1210,41
1211,77
1212,58
1213,60
1214,26
1215,88
1216,19
1217,19
1218,78
1219,5
1220,81
1221,69
1222,77
1223,60
1224,88
1225,92
1226,31
1227,34
1228,36
1229,30
1230,65
1231,82
1232,88
1233,7
1234,38
1235,2
1236,54
1237,33
1238,46
1239,78
1240,75
1241,90
1242,17
1243,40
1244,24
1245,6
1246,40
1247,76
1248,88
1249,28
1250,11
1251,96
1252,32
1253,64
1254,88
1255,54
1256,25
1257,65
1258,54
1259,11
1260,89
1261,89
1262,64
1263,80
1264,39
1265,53
1266,50
1267,77
1268,56
1269,84
1270,11
1271,58
1272,33
1273,51
1274,25
1275,56
1276,68
1277,48
1278,92
1279,93
1280,89
1281,19
1282,37
1283,77
1284,81
1285,67
1286,41
1287,11
1288,44
1289,41
1290,6
1291,90
1292,59
1293,59
1294,11
1295,21
1296,17
1297,64
1298,90
1299,96
1300,43
1301,50
1302,3
1303,6
1304,0
1305,68
1306,80
1307,49
1308,0
1309,6
1310,53
1311,72
1312,4
1313,38
1314,1
1315,11
1316,6
1317,62
1318,9
1319,69
1320,34
1321,48
1322,71
1323,22
1324,42
1325,44
1326,91
1327,58
1328,78
1329,31
1330,54
1331,5
1332,65
1333,5
1334,15
1335,47
1336,29
1337,63
1338,16
1339,28
1340,84
1341,20
1342,88
1343,50
1344,53
1345,36
1346,59
1347,78
1348,21
1349,42
1350,6
1351,46
1352,49
1353,67
1354,42
1355,68
1356,78
1357,52
1358,17
1359,64
1360,47
1361,76
1362,94
1363,81
1364,76
1365,91
1366,3
1367,35
1368,18
1369,47
1370,54
1371,46
1372,89
1373,0
1374,88
1375,50
1376,43
1377,27
1378,44
1379,4
1380,53
1381,25
1382,8
1383,25
1384,59
1385,15
1386,44
1387,33
1388,65
1389,84
1390,25
1391,41
1392,81
1393,23
1394,68
1395,59
1396,81
1397,43
1398,8
1399,84
1400,18
1401,92
1402,5
1403,80
1404,48
1405,80
1406,25
1407,15
1408,25
1409,88
1410,10
1411,63
1412,37
1413,55
1414,72
1415,94
1416,33
1417,52
1418,10
1419,9
1420,87
1421,68
1422,28
1423,15
1424,96
1425,88
1426,57
1427,13
1428,22
1429,67
1430,9
1431,50
1432,88
1433,97
1434,20
1435,87
1436,91
1437,50
1438,9
1439,38
1440,15
1441,57
1442,14
1443,44
1444,46
1445,13
1446,44
1447,24
1448,10
1449,26
1450,21
1451,56
1452,29
1453,27
1454,92
1455,78
1456,62
1457,53
1458,17
1459,28
1460,28
1461,46
1462,80
1463,48
1464,8
1465,95
1466,95
1467,66
1468,46
1469,8
1470,94
1471,25
1472,70
1473,54
1474,68
1475,86
1476,55
1477,30
1478,13
1479,46
1480,7
1481,91
1482,72
1483,45
1484,51
1485,53
1486,28
1487,9
1488,87
1489,89
1490,32
1491,58
1492,10
1493,31
1494,51
1495,39
1496,55
1497,33
1498,88
1499,26
1500,13
1501,59
1502,64
1503,17
1504,92
1505,14
1506,26
1507,39
1508,94
1509,6
1510,15
1511,45
1512,82
1513,32
1514,9
1515,15
1516,85
1517,44
1518,78
1519,97
1520,3
1521,46
1522,69
1523,75
1524,21
1525,20
1526,54
1527,55
1528,86
1529,84
1530,72
1531,98
1532,45
1533,14
1534,69
1535,47
1536,92
1537,57
1538,85
1539,73
1540,16
1541,2
1542,14
1543,3
1544,59
1545,90
1546,39
1547,79
1548,25
1549,7
1550,3
1551,27
1552,17
1553,99
1554,95
1555,74
1556,63
1557,28
1558,56
1559,21
1560,36
1561,11
1562,9
1563,17
1564,31
1565,52
1566,96
1567,98
1568,58
1569,80
1570,42
1571,32
1572,54
1573,15
1574,54
1575,56
1576,72
1577,95
1578,57
1579,5
1580,60
1581,54
1582,52
1583,96
1584,64
1585,14
1586,81
1587,97
1588,3
1589,83
1590,19
1591,85
1592,61
1593,33
1594,87
1595,76
1596,52
1597,22
1598,53
1599,39
1600,60
1601,59
1602,50
1603,9
1604,68
1605,77
1606,23
1607,42
1608,47
1609,11
1610,5
1611,31
1612,24
1613,17
1614,18
1615,65
1616,84
1617,17
1618,32
1619,21
1620,42
1621,21
1622,64
1623,79
1624,21
1625,61
1626,38
1627,41
1628,16
1629,51
1630,54
1631,92
1632,4
1633,84
1634,55
1635,37
1636,52
1637,92
1638,71
1639,17
1640,47
1641,94
1642,71
1643,85
1644,79
1645,34
1646,26
1647,33
1648,62
1649,48
1650,53
1651,88
1652,20
1653,47
1654,50
1655,18
1656,48
1657,25
1658,61
1659,56
1660,68
1661,27
1662,90
1663,92
1664,87
1665,98
1666,76
1667,67
1668,5
1669,11
1670,18
1671,48
1672,3
1673,29
1674,20
1675,8
1676,55
1677,57
1678,63
1679,7
1680,47
1681,56
1682,84
1683,96
1684,81
1685,69
1686,78
1687,31
1688,78
1689,12
1690,61
1691,5
1692,44
1693,86
1694,85
1695,33
1696,10
1697,44
1698,34
1699,24
1700,47
1701,22
1702,62
1703,42
1704,91
1705,18
1706,53
1707,7
1708,79
1709,68
1710,48
1711,24
1712,45
1713,82
1714,61
1715,21
1716,93
1717,36
1718,47
1719,57
1720,16
1721,81
1722,95
1723,36
1724,52
1725,42
1726,62
1727,72
1728,18
1729,61
1730,36
1731,14
1732,21
1733,87
1734,84
1735,99
1736,37
1737,59
1738,0
1739,44
1740,25
1741,85
1742,54
1743,53
1744,30
1745,69
1746,3
1747,35
1748,49
1749,33
1750,73
1751,99
1752,64
1753,89
1754,31
1755,97
1756,72
1757,50
1758,11
1759,1
1760,62
1761,28
1762,26
1763,47
1764,29
1765,16
1766,40
1767,14
1768,18
1769,93
1770,12
1771,42
1772,44
1773,29
1774,59
1775,8
1776,17
1777,56
1778,46
1779,51
1780,1
1781,82
1782,74
1783,34
1784,86
1785,52
1786,86
1787,93
1788,3
1789,20
1790,45
1791,65
1792,25
1793,91
1794,43
1795,54
1796,64
1797,90
1798,51
1799,34
1800,11
1801,97
1802,68
1803,52
1804,6
1805,79
1806,22
1807,22
1808,9
1809,10
1810,1
1811,18
1812,41
1813,5
1814,68
1815,57
1816,99
1817,85
1818,82
1819,76
1820,42
1821,70
1822,65
1823,77
1824,70
1825,12
1826,91
1827,53
1828,95
1829,89
1830,47
1831,30
1832,49
1833,11
1834,3
1835,17
1836,33
1837,94
1838,55
1839,87
1840,49
1841,4
1842,57
1843,64
1844,73
1845,28
1846,16
1847,26
1848,46
1849,31
1850,25
1851,35
1852,95
1853,21
1854,71
1855,59
1856,56
1857,28
1858,17
1859,53
1860,71
1861,7
1862,94
1863,53
1864,89
1865,77
1866,28
1867,7
1868,64
1869,33
1870,53
1871,87
1872,43
1873,17
1874,9
1875,97
1876,17
1877,6
1878,53
1879,68
1880,44
1881,89
1882,98
1883,80
1884,45
1885,95
1886,25
1887,32
1888,28
1889,71
1890,23
1891,52
1892,24
1893,82
1894,91
1895,99
1896,29
1897,21
1898,59
1899,89
1900,81
1901,88
1902,29
1903,61
1904,17
1905,93
1906,15
1907,81
1908,78
1909,9
1910,40
1911,60
1912,45
1913,84
1914,82
1915,88
1916,91
1917,24
1918,36
1919,26
1920,74
1921,88
1922,56
1923,80
1924,8
1925,0
1926,43
1927,22
1928,47
1929,30
1930,99
1931,69
1932,9
1933,22
1934,18
1935,69
1936,46
1937,97
1938,29
1939,27
1940,64
1941,35
1942,65
1943,36
1944,86
1945,42
1946,85
1947,20
1948,25
1949,50
1950,76
1951,37
1952,63
1953,6
1954,95
1955,99
1956,55
1957,21
1958,38
1959,83
1960,72
1961,31
1962,49
1963,39
1964,66
1965,66
1966,53
1967,54
1968,41
1969,36
1970,61
1971,88
1972,30
1973,34
1974,95
1975,41
1976,46
1977,85
1978,46
1979,78
1980,37
1981,31
1982,22
1983,2
1984,48
1985,10
1986,67
1987,51
1988,95
1989,97
1990,38
1991,98
1992,28
1993,45
1994,42
1995,7
1996,34
1997,61
1998,12
1999,8
2000,83
2001,41
2002,66
2003,93
2004,17
2005,18
2006,25
2007,11
2008,73
2009,63
2010,63
2011,9
2012,58
2013,96
2014,77
2015,1
2016,65
2017,53
2018,92
2019,58
2020,87
2021,3
2022,35
2023,39
2024,73
2025,90
2026,11
2027,3
2028,77
2029,89
2030,95
2031,85
2032,52
2033,48
2034,32
2035,38
2036,97
2037,39
2038,82
2039,43
2040,12
2041,21
2042,66
2043,9
2044,5
2045,77
2046,63
2047,99
2048,4
2049,40
2050,55
2051,43
2052,67
2053,49
2054,73
2055,39
2056,79
2057,40
2058,53
2059,66
2060,12
2061,57
2062,5
2063,17
2064,34
2065,37
2066,48
2067,79
2068,5
2069,57
2070,16
2071,45
2072,48
2073,54
2074,41
2075,65
2076,10
2077,0
2078,19
2079,14
2080,44
2081,20
2082,48
2083,2
2084,76
2085,95
2086,20
2087,59
2088,2
2089,36
2090,6
2091,71
2092,31
2093,78
2094,91
2095,28
2096,87
2097,91
2098,78
2099,79
2100,58
2101,89
2102,3
2103,57
2104,72
2105,27
2106,87
2107,51
2108,20
2109,9
2110,77
2111,49
2112,93
2113,91
2114,56
2115,92
2116,19
2117,97
2118,28
2119,31
2120,41
2121,81
2122,90
2123,89
2124,86
2125,22
2126,41
2127,11
2128,27
2129,87
2130,21
2131,1
2132,36
2133,90
2134,94
2135,71
2136,66
2137,62
2138,95
2139,76
2140,43
2141,95
2142,41
2143,24
2144,89
2145,15
2146,81
2147,25
2148,48
2149,95
2150,52
2151,11
2152,20
2153,68
2154,16
2155,22
2156,16
2157,56
2158,38
2159,52
2160,38
2161,20
2162,40
2163,24
2164,71
2165,49
2166,91
2167,11
2168,84
2169,44
2170,37
2171,89
2172,78
2173,93
2174,26
2175,53
2176,10
2177,48
2178,12
2179,2
2180,4
2181,39
2182,19
2183,56
2184,74
2185,56
2186,46
2187,46
2188,3
2189,22
2190,6
2191,59
2192,14
2193,87
2194,14
2195,87
2196,49
2197,91
2198,25
2199,10
2200,88
2201,7
2202,99
2203,13
2204,5
2205,66
2206,80
2207,76
2208,64
2209,16
2210,99
2211,42
2212,86
2213,10
2214,90
2215,99
2216,50
2217,84
2218,44
2219,97
2220,34
2221,4
2222,26
2223,26
2224,19
2225,67
2226,65
2227,41
2228,46
2229,6
2230,31
2231,29
2232,51
2233,29
2234,62
2235,60
2236,68
2237,26
2238,83
2239,57
2240,41
2241,90
2242,48
2243,82
2244,67
2245,86
2246,28
2247,71
2248,79
2249,43
2250,37
2251,81
2252,17
2253,7
2254,84
2255,57
2256,18
2257,37
2258,68
2259,26
2260,56
2261,63
2262,87
2263,99
2264,3
2265,78
2266,38
2267,15
2268,75
2269,20
2270,47
2271,0
2272,14
2273,85
2274,62
2275,18
2276,63
2277,95
2278,31
2279,1
2280,73
2281,38
2282,80
2283,52
2284,81
2285,37
2286,60
2287,21
2288,53
2289,12
2290,40
2291,19
2292,40
2293,70
2294,22
2295,0
2296,57
2297,81
2298,68
2299,29
2300,28
2301,35
2302,10
2303,47
2304,49
2305,11
2306,30
2307,23
2308,18
2309,78
2310,19
2311,30
2312,80
2313,54
2314,9
2315,15
2316,2
2317,26
2318,32
2319,35
2320,12
2321,58
2322,67
2323,76
2324,95
2325,67
2326,95
2327,46
2328,70
2329,48
2330,5
2331,38
2332,92
2333,78
2334,45
2335,60
2336,34
2337,97
2338,1
2339,73
2340,42
2341,51
2342,93
2343,92
2344,51
2345,87
2346,30
2347,42
2348,84
2349,65
2350,76
2351,44
2352,50
2353,30
2354,69
2355,59
2356,34
2357,77
2358,46
2359,66
2360,31
2361,73
2362,84
2363,50
2364,18
2365,97
2366,38
2367,81
2368,5
2369,90
2370,50
2371,92
2372,17
2373,76
2374,97
2375,0
2376,81
2377,1
2378,5
2379,37
2380,41
2381,80
2382,5
2383,52
2384,66
2385,25
2386,11
2387,61
2388,35
2389,20
2390,32
2391,35
2392,25
2393,55
2394,61
2395,43
2396,58
2397,36
2398,61
2399,60
2400,70
2401,27
2402,96
2403,93
2404,56
2405,8
2406,83
2407,23
2408,52
2409,32
2410,54
2411,33
2412,61
2413,49
2414,0
2415,15
2416,50
2417,3
2418,49
2419,86
2420,55
2421,58
2422,89
2423,30
2424,74
2425,70
2426,0
2427,35
2428,25
2429,33
2430,53
2431,59
2432,94
2433,73
2434,99
2435,34
2436,1
2437,49
2438,63
2439,69
2440,66
2441,37
2442,67
2443,40
2444,93
2445,24
2446,82
2447,23
2448,72
2449,66
2450,73
2451,11
2452,35
2453,9
2454,88
2455,31
2456,43
2457,46
2458,95
2459,54
2460,41
2461,6
2462,65
2463,22
2464,3
2465,32
2466,43
2467,53
2468,21
2469,96
2470,20
2471,63
2472,12
2473,32
2474,65
2475,5
2476,66
2477,38
2478,96
2479,66
2480,64
2481,15
2482,73
2483,84
2484,13
2485,96
2486,38
2487,22
2488,0
2489,19
2490,38
2491,69
2492,85
2493,68
2494,86
2495,37
2496,90
2497,11
2498,10
2499,8
2500,71
2501,76
2502,74
2503,89
2504,60
2505,69
2506,47
2507,65
2508,29
2509,27
2510,9
2511,16
2512,0
2513,44
2514,17
2515,54
2516,62
2517,82
2518,34
2519,11
2520,38
2521,98
2522,73
2523,53
2524,71
2525,78
2526,61
2527,26
2528,29
2529,25
2530,70
2531,96
2532,30
2533,83
2534,44
2535,81
2536,93
2537,79
2538,49
2539,76
2540,26
2541,57
2542,2
2543,27
2544,34
2545,82
2546,66
2547,16
2548,66
2549,71
2550,9
2551,60
2552,50
2553,43
2554,29
2555,45
2556,41
2557,98
2558,87
2559,83
2560,62
2561,26
2562,39
2563,86
2564,44
2565,16
2566,85
2567,44
2568,37
2569,90
2570,42
2571,18
2572,14
2573,74
2574,67
2575,23
2576,20
2577,29
2578,89
2579,51
2580,88
2581,5
2582,25
2583,73
2584,59
2585,77
2586,22
2587,3
2588,60
2589,28
2590,44
2591,13
2592,73
2593,11
2594,52
2595,44
2596,99
2597,17
2598,80
2599,50
2600,5
2601,44
2602,85
2603,58
2604,57
2605,45
2606,94
2607,84
2608,11
2609,81
2610,2
2611,73
2612,82
2613,69
2614,45
2615,72
2616,75
2617,31
2618,97
2619,43
2620,78
2621,54
2622,29
2623,63
2624,37
2625,99
2626,67
2627,39
2628,52
2629,59
2630,26
2631,96
2632,25
2633,36
2634,64
2635,21
2636,13
2637,37
2638,46
2639,85
2640,36
2641,50
2642,78
2643,54
2644,30
2645,70
2646,74
2647,42
2648,0
2649,41
2650,18
2651,87
2652,80
2653,26
2654,47
2655,95
2656,22
2657,21
2658,63
2659,55
2660,69
2661,20
2662,85
2663,45
2664,23
2665,13
2666,88
2667,15
2668,84
2669,75
2670,48
2671,4
2672,52
2673,72
2674,61
2675,57
2676,57
2677,50
2678,27
2679,40
2680,91
2681,42
2682,65
2683,49
2684,20
2685,54
2686,16
2687,26
2688,91
2689,88
2690,85
2691,28
2692,42
2693,92
2694,54
2695,98
2696,71
2697,79
2698,13
2699,56
2700,76
2701,37
2702,21
2703,36
2704,80
2705,46
2706,75
2707,90
2708,26
2709,60
2710,49
2711,50
2712,15
2713,84
2714,78
2715,94
2716,87
2717,25
2718,11
2719,89
2720,4
2721,99
2722,47
2723,44
2724,90
2725,55
2726,78
2727,7
2728,89
2729,39
2730,79
2731,69
2732,95
2733,38
2734,47
2735,68
2736,22
2737,36
2738,75
2739,36
2740,82
2741,88
2742,74
2743,36
2744,81
2745,15
2746,75
2747,44
2748,52
2749,68
2750,18
2751,7
2752,53
2753,56
2754,32
2755,97
2756,34
2757,57
2758,3
2759,15
2760,38
2761,74
2762,94
2763,26
2764,63
2765,60
2766,79
2767,27
2768,38
2769,50
2770,59
2771,91
2772,95
2773,32
2774,15
2775,24
2776,89
2777,2
2778,33
2779,49
2780,11
2781,15
2782,62
2783,62
2784,6
2785,61
2786,5
2787,20
2788,41
2789,25
2790,84
2791,43
2792,23
2793,21
2794,73
2795,68
2796,88
2797,0
2798,65
2799,42
2800,96
2801,59
2802,20
2803,51
2804,48
2805,88
2806,18
2807,72
2808,27
2809,50
2810,60
2811,83
2812,36
2813,68
2814,92
2815,62
2816,84
2817,87
2818,91
2819,91
2820,3
2821,36
2822,9
2823,63
2824,83
2825,50
2826,66
2827,42
2828,88
2829,73
2830,32
2831,82
2832,13
2833,21
2834,15
2835,55
2836,22
2837,59
2838,18
2839,79
2840,28
2841,74
2842,97
2843,13
2844,55
2845,39
2846,11
2847,99
2848,5
2849,4
2850,17
2851,60
2852,44
2853,45
2854,53
2855,37
2856,82
2857,44
2858,64
2859,24
2860,91
2861,88
2862,38
2863,46
2864,21
2865,0
2866,16
2867,84
2868,35
2869,86
2870,55
2871,89
2872,99
2873,3
2874,46
2875,68
2876,47
2877,52
2878,2
2879,95
2880,70
2881,23
2882,58
2883,97
2884,44
2885,8
2886,52
2887,27
2888,34
2889,68
2890,53
2891,73
2892,68
2893,96
2894,53
2895,29
2896,70
2897,21
2898,81
2899,11
2900,21
2901,4
2902,89
2903,53
2904,29
2905,31
2906,14
2907,91
2908,71
2909,88
2910,46
2911,89
2912,27
2913,71
2914,97
2915,94
2916,10
2917,20
2918,83
2919,21
2920,4
2921,99
2922,5
2923,11
2924,61
2925,21
2926,79
2927,67
2928,87
2929,31
2930,97
2931,52
2932,30
2933,97
2934,35
2935,11
2936,22
2937,51
2938,25
2939,18
2940,78
2941,8
2942,88
2943,24
2944,5
2945,22
2946,15
2947,67
2948,15
2949,5
2950,23
2951,41
2952,97
2953,62
2954,76
2955,13
2956,89
2957,91
2958,73
2959,77
2960,0
2961,75
2962,65
2963,9
2964,36
2965,20
2966,24
2967,74
2968,24
2969,30
2970,61
2971,98
2972,62
2973,87
2974,31
2975,14
2976,23
2977,96
2978,65
2979,77
2980,51
2981,61
2982,73
2983,46
2984,66
2985,29
2986,97
2987,16
2988,0
2989,82
2990,4
2991,23
2992,89
2993,9
2994,16
2995,68
2996,35
2997,71
2998,66
2999,23
3000,80
3001,56
3002,40
3003,46
3004,73
3005,0
3006,88
3007,49
3008,7
3009,34
3010,32
3011,98
3012,64
3013,33
3014,54
3015,94
3016,72
3017,90
3018,44
3019,27
3020,42
3021,60
3022,36
3023,31
3024,42
3025,21
3026,13
3027,86
3028,0
3029,15
3030,79
3031,18
3032,33
3033,21
3034,60
3035,8
3036,84
3037,54
3038,6
3039,59
3040,20
3041,55
3042,86
3043,44
3044,8
3045,46
3046,12
3047,44
3048,75
3049,80
3050,74
3051,80
3052,14
3053,94
3054,48
3055,41
3056,82
3057,14
3058,55
3059,62
3060,12
3061,7
3062,98
3063,95
3064,38
3065,67
3066,0
3067,55
3068,11
3069,85
3070,44
3071,30
3072,10
3073,47
3074,97
3075,75
3076,81
3077,69
3078,78
3079,7
3080,86
3081,40
3082,9
3083,39
3084,52
3085,84
3086,3
3087,22
3088,23
3089,82
3090,14
3091,22
3092,26
3093,54
3094,93
3095,61
3096,17
3097,76
3098,40
3099,4
3100,85
3101,99
3102,64
3103,7
3104,42
3105,24
3106,14
3107,6
3108,37
3109,16
3110,37
3111,48
3112,44
3113,67
3114,19
3115,82
3116,48
3117,33
3118,19
3119,86
3120,71
3121,31
3122,9
3123,57
3124,62
3125,43
3126,35
3127,27
3128,62
3129,88
3130,29
3131,78
3132,45
3133,80
3134,1
3135,43
3136,34
3137,71
3138,94
3139,12
3140,18
3141,57
3142,73
3143,4
3144,74
3145,41
3146,76
3147,72
3148,88
3149,94
3150,58
3151,25
3152,71
3153,15
3154,47
3155,55
3156,30
3157,51
3158,30
3159,71
3160,35
3161,64
3162,36
3163,76
3164,47
3165,37
3166,38
3167,12
3168,88
3169,21
3170,63
3171,2
3172,77
3173,49
3174,70
3175,76
3176,50
3177,6
3178,3
3179,88
3180,26
3181,41
3182,79
3183,32
3184,6
3185,41
3186,20
3187,98
3188,26
3189,17
3190,1
3191,43
3192,43
3193,85
3194,37
3195,59
3196,24
3197,90
3198,3
3199,18
3200,38
3201,85
3202,33
3203,20
3204,68
3205,72
3206,92
3207,24
3208,72
3209,26
3210,61
3211,26
3212,79
3213,73
3214,45
3215,5
3216,9
3217,54
3218,52
3219,97
3220,33
3221,67
3222,97
3223,40
3224,82
3225,57
3226,25
3227,54
3228,40
3229,64
3230,90
3231,93
3232,9
3233,45
3234,40
3235,20
3236,13
3237,90
3238,16
3239,69
3240,48
3241,50
3242,37
3243,49
3244,60
3245,36
3246,68
3247,37
3248,55
3249,91
3250,45
3251,90
3252,78
3253,10
3254,74
3255,11
3256,48
3257,36
3258,31
3259,66
3260,45
3261,54
3262,1
3263,24
3264,21
3265,74
3266,18
3267,49
3268,2
3269,79
3270,98
3271,86
3272,30
3273,45
3274,44
3275,44
3276,90
3277,99
3278,27
3279,40
3280,87
3281,6
3282,78
3283,50
3284,58
3285,12
3286,86
3287,91
3288,13
3289,71
3290,76
3291,42
3292,57
3293,20
3294,63
3295,67
3296,12
3297,91
3298,39
3299,20
3300,73
3301,52
3302,69
3303,56
3304,28
3305,26
3306,6
3307,92
3308,6
3309,43
3310,55
3311,6
3312,99
3313,2
3314,79
3315,46
3316,9
3317,20
3318,79
3319,15
3320,87
3321,37
3322,91
3323,60
3324,33
3325,67
3326,14
3327,99
3328,88
3329,55
3330,90
3331,10
3332,51
3333,84
3334,16
3335,99
3336,38
3337,51
3338,42
3339,68
3340,4
3341,24
3342,79
3343,6
3344,83
3345,3
3346,42
3347,39
3348,61
3349,20
3350,86
3351,4
3352,65
3353,1
3354,14
3355,53
3356,7
3357,60
3358,53
3359,81
3360,43
3361,62
3362,34
3363,76
3364,84
3365,19
3366,32
3367,45
3368,15
3369,44
3370,80
3371,55
3372,86
3373,61
3374,84
3375,7
3376,48
3377,90
3378,94
3379,4
3380,67
3381,73
3382,74
3383,68
3384,6
3385,93
3386,82
3387,43
3388,49
3389,31
3390,78
3391,45
3392,49
3393,98
3394,25
3395,54
3396,91
3397,76
3398,81
3399,99
3400,11
3401,31
3402,82
3403,3
3404,3
3405,38
3406,62
3407,8
3408,93
3409,20
3410,81
3411,14
3412,89
3413,0
3414,23
3415,16
3416,96
3417,29
3418,26
3419,44
3420,98
3421,83
3422,22
3423,15
3424,96
3425,98
3426,84
3427,7
3428,78
3429,83
3430,84
3431,28
3432,1
3433,56
3434,79
3435,57
3436,60
3437,73
3438,77
3439,23
3440,56
3441,52
3442,21
3443,67
3444,9
3445,41
3446,24
3447,75
3448,25
3449,32
3450,12
3451,57
3452,84
3453,76
3454,65
3455,12
3456,35
3457,25
3458,76
3459,29
3460,57
3461,75
3462,32
3463,25
3464,52
3465,59
3466,49
3467,8
3468,42
3469,72
3470,39
3471,71
3472,46
3473,19
3474,18
3475,22
3476,37
3477,8
3478,58
3479,78
3480,77
3481,11
3482,47
3483,73
3484,8
3485,2
3486,26
3487,42
3488,73
3489,95
3490,18
3491,56
3492,0
3493,77
3494,23
3495,91
3496,55
3497,53
3498,31
3499,1
3500,12
3501,38
3502,51
3503,31
3504,97
3505,44
3506,51
3507,10
3508,14
3509,17
3510,0
3511,45
3512,62
3513,17
3514,97
3515,97
3516,83
3517,64
3518,0
3519,70
3520,29
3521,62
3522,18
3523,90
3524,11
3525,48
3526,4
3527,65
3528,21
3529,74
3530,95
3531,53
3532,89
3533,35
3534,35
3535,35
3536,32
3537,58
3538,3
3539,56
3540,8
3541,60
3542,79
3543,11
3544,28
3545,35
3546,90
3547,43
3548,46
3549,42
3550,84
3551,47
3552,42
3553,17
3554,62
3555,23
3556,52
3557,11
3558,48
3559,62
3560,76
3561,40
3562,18
3563,99
3564,10
3565,66
3566,77
3567,66
3568,20
3569,2
3570,9
3571,68
3572,23
3573,93
3574,34
3575,87
3576,41
3577,98
3578,82
3579,39
3580,49
3581,57
3582,47
3583,81
3584,38
3585,65
3586,39
3587,73
3588,83
3589,61
3590,75
3591,8
3592,53
3593,69
3594,50
3595,23
3596,44
3597,38
3598,15
3599,11
3600,96
3601,62
3602,6
3603,35
3604,73
3605,34
3606,48
3607,34
3608,88
3609,94
3610,88
3611,67
3612,71
3613,64
3614,7
3615,35
3616,54
3617,30
3618,50
3619,45
3620,27
3621,80
3622,84
3623,99
3624,52
3625,54
3626,6
3627,16
3628,88
3629,25
3630,58
3631,79
3632,54
3633,73
3634,54
3635,47
3636,77
3637,78
3638,45
3639,87
3640,68
3641,40
3642,2
3643,11
3644,34
3645,47
3646,36
3647,58
3648,29
3649,95
3650,86
3651,92
3652,16
3653,21
3654,28
3655,58
3656,64
3657,18
3658,15
3659,78
3660,66
3661,95
3662,37
3663,97
3664,91
3665,54
3666,71
3667,54
3668,80
3669,85
3670,87
3671,41
3672,71
3673,64
3674,75
3675,90
3676,24
3677,37
3678,23
3679,84
3680,28
3681,82
3682,8
3683,22
3684,44
3685,75
3686,26
3687,11
3688,2
3689,46
3690,38
3691,62
3692,46
3693,39
3694,64
3695,86
3696,85
3697,92
3698,8
3699,29
3700,57
3701,13
3702,94
3703,9
3704,61
3705,94
3706,17
3707,32
3708,1
3709,74
3710,49
3711,74
3712,0
3713,1
3714,93
3715,48
3716,39
3717,3
3718,38
3719,12
3720,11
3721,12
3722,14
3723,70
3724,98
3725,0
3726,95
3727,90
3728,61
3729,84
3730,10
3731,97
3732,48
3733,63
3734,51
3735,59
3736,42
3737,27
3738,69
3739,85
3740,81
3741,95
3742,51
3743,69
3744,28
3745,79
3746,33
3747,97
3748,7
3749,66
3750,80
3751,0
3752,0
3753,5
3754,45
3755,81
3756,90
3757,89
3758,56
3759,51
3760,80
3761,83
3762,91
3763,85
3764,56
3765,5
3766,45
3767,73
3768,77
3769,81
3770,82
3771,27
3772,74
3773,56
3774,49
3775,0
3776,70
3777,63
3778,78
3779,42
3780,5
3781,26
3782,24
3783,86
3784,55
3785,55
3786,1
3787,94
3788,74
3789,6
3790,20
3791,96
3792,90
3793,5
3794,40
3795,45
3796,71
3797,76
3798,31
3799,48
3800,49
3801,57
3802,85
3803,64
3804,91
3805,63
3806,94
3807,15
3808,59
3809,21
3810,17
3811,47
3812,29
3813,60
3814,78
3815,81
3816,11
3817,97
3818,96
3819,4
3820,98
3821,85
3822,56
3823,36
3824,55
3825,41
3826,32
3827,97
3828,83
3829,6
3830,44
3831,15
3832,47
3833,68
3834,46
3835,85
3836,10
3837,69
3838,49
3839,86
3840,89
3841,36
3842,52
3843,67
3844,39
3845,72
3846,51
3847,62
3848,96
3849,97
3850,9
3851,69
3852,4
3853,94
3854,38
3855,39
3856,87
3857,48
3858,79
3859,50
3860,73
3861,77
3862,63
3863,10
3864,41
3865,47
3866,78
3867,94
3868,13
3869,11
3870,57
3871,93
3872,39
3873,8
3874,38
3875,3
3876,86
3877,97
3878,90
3879,2
3880,74
3881,78
3882,44
3883,7
3884,19
3885,57
3886,93
3887,81
3888,9
3889,75
3890,73
3891,84
3892,73
3893,86
3894,12
3895,25
3896,79
3897,81
3898,7
3899,74
3900,9
3901,87
3902,67
3903,92
3904,44
3905,60
3906,9
3907,51
3908,43
3909,68
3910,25
3911,71
3912,20
3913,89
3914,7
3915,5
3916,4
3917,59
3918,26
3919,18
3920,4
3921,35
3922,64
3923,4
3924,94
3925,5
3926,15
3927,97
3928,23
3929,70
3930,89
3931,17
3932,1
3933,81
3934,38
3935,8
3936,45
3937,28
3938,23
3939,19
3940,88
3941,87
3942,82
3943,26
3944,33
3945,33
3946,10
3947,58
3948,91
3949,76
3950,76
3951,97
3952,35
3953,62
3954,17
3955,78
3956,6
3957,75
3958,83
3959,6
3960,90
3961,44
3962,51
3963,27
3964,71
3965,96
3966,6
3967,40
3968,6
3969,47
3970,37
3971,41
3972,27
3973,67
3974,41
3975,82
3976,78
3977,23
3978,6
3979,21
3980,11
3981,7
3982,65
3983,64
3984,18
3985,15
3986,1
3987,29
3988,14
3989,19
3990,86
3991,15
3992,60
3993,78
3994,63
3995,6
3996,40
3997,31
3998,21
3999,52
4000,46
4001,1
4002,10
4003,29
4004,38
4005,77
4006,32
4007,76
4008,7
4009,37
4010,20
4011,93
4012,48
4013,83
4014,87
4015,46
4016,30
4017,30
4018,40
4019,85
4020,32
4021,14
4022,51
4023,24
4024,5
4025,49
4026,53
4027,90
4028,48
4029,46
4030,7
4031,94
4032,37
4033,94
4034,94
4035,52
4036,11
4037,61
4038,41
4039,22
4040,84
4041,76
4042,18
4043,98
4044,50
4045,1
4046,46
4047,41
4048,69
4049,66
4050,91
4051,12
4052,62
4053,94
4054,99
4055,45
4056,35
4057,27
4058,45
4059,31
4060,56
4061,20
4062,92
4063,54
4064,75
4065,19
4066,92
4067,27
4068,95
4069,25
4070,88
4071,32
4072,43
4073,96
4074,38
4075,55
4076,89
4077,9
4078,44
4079,99
4080,87
4081,79
4082,21
4083,49
4084,44
4085,16
4086,47
4087,25
4088,49
4089,33
4090,55
4091,89
4092,23
4093,76
4094,21
4095,81
4096,30
4097,99
4098,64
4099,92
4100,0
4101,6
4102,74
4103,82
4104,84
4105,69
4106,8
4107,3
4108,50
4109,45
4110,22
4111,22
4112,92
4113,79
4114,86
4115,35
4116,95
4117,66
4118,42
4119,15
4120,87
4121,68
4122,17
4123,85
4124,49
4125,25
4126,4
4127,75
4128,48
4129,13
4130,60
4131,80
4132,62
4133,17
4134,37
4135,14
4136,59
4137,59
4138,38
4139,62
4140,79
4141,11
4142,49
4143,44
4144,0
4145,26
4146,45
4147,48
4148,1
4149,17
4150,57
4151,45
4152,81
4153,97
4154,44
4155,4
4156,63
4157,4
4158,37
4159,20
4160,49
4161,19
4162,16
4163,91
4164,21
4165,79
4166,40
4167,68
4168,97
4169,73
4170,46
4171,94
4172,68
4173,13
4174,78
4175,83
4176,23
4177,50
4178,35
4179,87
4180,11
4181,21
4182,73
4183,39
4184,65
4185,13
4186,20
4187,21
4188,14
4189,68
4190,88
4191,4
4192,49
4193,69
4194,17
4195,73
4196,81
4197,72
4198,14
4199,71
4200,81
4201,13
4202,95
4203,43
4204,22
4205,24
4206,22
4207,23
4208,94
4209,49
4210,90
4211,8
4212,68
4213,52
4214,20
4215,63
4216,54
4217,53
4218,66
4219,93
4220,97
4221,53
4222,27
4223,72
4224,70
4225,65
4226,5
4227,35
4228,71
4229,54
4230,54
4231,17
4232,56
4233,54
4234,15
4235,69
4236,80
4237,24
4238,43
4239,8
4240,91
4241,77
4242,7
4243,97
4244,30
4245,94
4246,27
4247,46
4248,66
4249,44
4250,37
4251,8
4252,61
4253,94
4254,77
4255,34
4256,37
4257,2
4258,86
4259,20
4260,90
4261,49
4262,30
4263,29
4264,34
4265,32
4266,97
4267,72
4268,18
4269,51
4270,87
4271,80
4272,14
4273,44
4274,72
4275,30
4276,19
4277,36
4278,44
4279,79
4280,79
4281,97
4282,73
4283,97
4284,42
4285,97
4286,26
4287,86
4288,29
4289,0
4290,31
4291,12
4292,27
4293,51
4294,97
4295,36
4296,13
4297,61
4298,67
4299,90
4300,29
4301,32
4302,64
4303,43
4304,1
4305,3
4306,25
4307,13
4308,50
4309,56
4310,60
4311,44
4312,10
4313,34
4314,25
4315,1
4316,58
4317,35
4318,91
4319,77
4320,42
4321,22
4322,81
4323,38
4324,11
4325,9
4326,32
4327,12
4328,65
4329,8
4330,47
4331,61
4332,76
4333,88
4334,9
4335,13
4336,70
4337,15
4338,32
4339,5
4340,0
4341,69
4342,75
4343,68
4344,91
4345,22
4346,36
4347,38
4348,10
4349,88
4350,89
4351,93
4352,89
4353,86
4354,65
4355,28
4356,28
4357,69
4358,49
4359,51
4360,57
4361,16
4362,56
4363,2
4364,75
4365,50
4366,90
4367,10
4368,83
4369,33
4370,59
4371,49
4372,36
4373,62
4374,6
4375,68
4376,82
4377,62
4378,43
4379,13
4380,8
4381,49
4382,94
4383,27
4384,25
4385,2
4386,26
4387,58
4388,24
4389,50
4390,64
4391,1
4392,24
4393,46
4394,54
4395,45
4396,70
4397,66
4398,96
4399,35
4400,6
4401,24
4402,27
4403,53
4404,89
4405,66
4406,68
4407,24
4408,49
4409,5
4410,80
4411,57
4412,55
4413,72
4414,75
4415,31
4416,69
4417,51
4418,24
4419,19
4420,2
4421,68
4422,7
4423,75
4424,75
4425,41
4426,81
4427,99
4428,26
4429,31
4430,64
4431,18
4432,43
4433,0
4434,13
4435,15
4436,95
4437,17
4438,56
4439,92
4440,79
4441,34
4442,29
4443,86
4444,20
4445,50
4446,72
4447,14
4448,40
4449,88
4450,98
4451,4
4452,44
4453,1
4454,79
4455,12
4456,87
4457,18
4458,65
4459,54
4460,52
4461,48
4462,18
4463,58
4464,81
4465,56
4466,94
4467,67
4468,13
4469,51
4470,66
4471,10
4472,7
4473,21
4474,19
4475,22
4476,26
4477,75
4478,75
4479,45
4480,25
4481,75
4482,6
4483,75
4484,35
4485,66
4486,79
4487,48
4488,18
4489,71
4490,27
4491,73
4492,60
4493,18
4494,12
4495,14
4496,43
4497,59
4498,85
4499,96
4500,35
4501,66
4502,62
4503,95
4504,78
4505,65
4506,58
4507,12
4508,38
4509,38
4510,30
4511,81
4512,21
4513,29
4514,44
4515,58
4516,97
4517,8
4518,12
4519,24
4520,10
4521,37
4522,30
4523,67
4524,30
4525,50
4526,11
4527,33
4528,40
4529,26
4530,96
4531,6
4532,3
4533,55
4534,53
4535,91
4536,81
4537,73
4538,16
4539,99
4540,90
4541,33
4542,52
4543,14
4544,11
4545,43
4546,48
4547,56
4548,34
4549,42
4550,65
4551,46
4552,92
4553,52
4554,75
4555,78
4556,60
4557,70
4558,28
4559,27
4560,11
4561,8
4562,10
4563,31
4564,24
4565,1
4566,30
4567,70
4568,84
4569,7
4570,8
4571,67
4572,53
4573,28
4574,11
4575,54
4576,74
4577,66
4578,41
4579,4
4580,95
4581,47
4582,52
4583,59
4584,68
4585,21
4586,58
4587,62
4588,58
4589,20
4590,18
4591,24
4592,30
4593,78
4594,14
4595,86
4596,18
4597,76
4598,68
4599,56
4600,70
4601,31
4602,97
4603,4
4604,14
4605,40
4606,97
4607,61
4608,33
4609,42
4610,89
4611,42
4612,64
4613,92
4614,93
4615,49
4616,26
4617,52
4618,66
4619,99
4620,96
4621,34
4622,6
4623,11
4624,92
4625,29
4626,4
4627,3
4628,3
4629,61
4630,68
4631,94
4632,29
4633,90
4634,55
4635,21
4636,66
4637,9
4638,5
4639,56
4640,0
4641,1
4642,56
4643,72
4644,80
4645,4
4646,16
4647,23
4648,38
4649,27
4650,12
4651,68
4652,72
4653,51
4654,35
4655,92
4656,22
4657,52
4658,90
4659,73
4660,59
4661,60
4662,27
4663,89
4664,28
4665,56
4666,77
4667,97
4668,5
4669,18
4670,71
4671,79
4672,99
4673,18
4674,31
4675,24
4676,0
4677,42
4678,81
4679,72
4680,13
4681,2
4682,60
4683,9
4684,53
4685,96
4686,7
4687,50
4688,70
4689,25
4690,46
4691,89
4692,72
4693,27
4694,37
4695,91
4696,74
4697,57
4698,41
4699,54
4700,80
4701,70
4702,66
4703,34
4704,48
4705,54
4706,80
4707,72
4708,75
4709,29
4710,92
4711,43
4712,33
4713,98
4714,63
4715,21
4716,1
4717,99
4718,72
4719,99
4720,42
4721,78
4722,20
4723,60
4724,89
4725,40
4726,96
4727,92
4728,45
4729,47
4730,96
4731,89
4732,6
4733,74
4734,9
4735,54
4736,15
4737,96
4738,26
4739,49
4740,81
4741,41
4742,42
4743,30
4744,76
4745,21
4746,82
4747,96
4748,27
4749,42
4750,46
4751,88
4752,43
4753,32
4754,34
4755,57
4756,11
4757,31
4758,31
4759,67
4760,0
4761,65
4762,19
4763,25
4764,23
4765,8
4766,54
4767,53
4768,96
4769,59
4770,30
4771,93
4772,7
4773,84
4774,96
4775,92
4776,95
4777,23
4778,63
4779,22
4780,61
4781,24
4782,67
4783,32
4784,55
4785,82
4786,64
4787,19
4788,13
4789,11
4790,26
4791,3
4792,0
4793,12
4794,76
4795,52
4796,24
4797,70
4798,73
4799,86
4800,39
4801,31
4802,37
4803,71
4804,76
4805,67
4806,40
4807,17
4808,49
4809,39
4810,35
4811,54
4812,88
4813,1
4814,61
4815,24
4816,69
4817,29
4818,57
4819,35
4820,80
4821,58
4822,76
4823,25
4824,4
4825,84
4826,95
4827,42
4828,79
4829,2
4830,16
4831,45
4832,82
4833,77
4834,98
4835,6
4836,46
4837,65
4838,85
4839,69
4840,44
4841,69
4842,29
4843,14
4844,33
4845,61
4846,35
4847,20
4848,9
4849,37
4850,32
4851,82
4852,48
4853,83
4854,77
4855,16
4856,43
4857,46
4858,23
4859,22
4860,75
4861,44
4862,88
4863,1
4864,85
4865,18
4866,68
4867,3
4868,91
4869,28
4870,85
4871,97
4872,91
4873,19
4874,32
4875,44
4876,2
4877,91
4878,6
4879,17
4880,87
4881,58
4882,29
4883,85
4884,85
4885,20
4886,11
4887,27
4888,8
4889,19
4890,16
4891,94
4892,48
4893,49
4894,4
4895,50
4896,53
4897,99
4898,41
4899,28
4900,98
4901,64
4902,87
4903,41
4904,17
4905,85
4906,6
4907,21
4908,48
4909,95
4910,25
4911,4
4912,82
4913,56
4914,66
4915,63
4916,68
4917,11
4918,20
4919,69
4920,23
4921,72
4922,16
4923,57
4924,86
4925,47
4926,44
4927,48
4928,40
4929,65
4930,12
4931,47
4932,51
4933,94
4934,87
4935,80
4936,79
4937,84
4938,73
4939,28
4940,67
4941,7
4942,65
4943,34
4944,75
4945,23
4946,14
4947,94
4948,57
4949,97
4950,81
4951,50
4952,99
4953,10
4954,32
4955,11
4956,84
4957,59
4958,81
4959,40
4960,48
4961,6
4962,98
4963,87
4964,93
4965,0
4966,14
4967,49
4968,75
4969,4
4970,75
4971,42
4972,4
4973,68
4974,99
4975,47
4976,31
4977,62
4978,92
4979,90
4980,8
4981,81
4982,51
4983,91
4984,38
4985,79
4986,86
4987,18
4988,61
4989,83
4990,54
4991,34
4992,42
4993,33
4994,54
4995,99
4996,78
4997,72
4998,13
4999,39
5000,56
5001,53
5002,82
5003,48
5004,76
5005,82
5006,49
5007,87
5008,58
5009,58
5010,40
5011,37
5012,38
5013,7
5014,68
5015,81
5016,74
5017,11
5018,68
5019,47
5020,37
5021,91
5022,53
5023,23
5024,32
5025,89
5026,35
5027,43
5028,51
5029,15
5030,9
5031,80
5032,67
5033,44
5034,75
5035,5
5036,33
5037,41
5038,7
5039,71
5040,80
5041,17
5042,49
5043,21
5044,88
5045,49
5046,35
5047,54
5048,86
5049,12
5050,63
5051,67
5052,33
5053,49
5054,74
5055,63
5056,78
5057,41
5058,36
5059,94
5060,66
5061,11
5062,76
5063,8
5064,13
5065,53
5066,87
5067,19
5068,54
5069,18
5070,32
5071,88
5072,3
5073,78
5074,78
5075,75
5076,21
5077,63
5078,97
5079,75
5080,63
5081,52
5082,94
5083,10
5084,34
5085,14
5086,80
5087,22
5088,1
5089,80
5090,21
5091,90
5092,35
5093,69
5094,47
5095,77
5096,20
5097,91
5098,68
5099,36
5100,76
5101,40
5102,18
5103,43
5104,49
5105,55
5106,55
5107,32
5108,18
5109,42
5110,58
5111,91
5112,48
5113,31
5114,48
5115,17
5116,16
5117,35
5118,78
5119,15
5120,21
5121,85
5122,56
5123,14
5124,37
5125,75
5126,53
5127,10
5128,3
5129,58
5130,90
5131,43
5132,31
5133,68
5134,23
5135,28
5136,68
5137,89
5138,26
5139,22
5140,85
5141,89
5142,43
5143,74
5144,91
5145,47
5146,5
5147,34
5148,45
5149,13
5150,91
5151,61
5152,91
5153,8
5154,74
5155,82
5156,3
5157,95
5158,47
5159,38
5160,57
5161,54
5162,48
5163,13
5164,85
5165,21
5166,11
5167,21
5168,50
5169,39
5170,57
5171,8
5172,28
5173,44
5174,98
5175,41
5176,13
5177,36
5178,29
5179,16
5180,34
5181,33
5182,93
5183,35
5184,81
5185,42
5186,60
5187,69
5188,12
5189,89
5190,97
5191,77
5192,49
5193,12
5194,71
5195,87
5196,71
5197,98
5198,4
5199,88
5200,44
5201,81
5202,25
5203,11
5204,79
5205,17
5206,79
5207,74
5208,19
5209,14
5210,99
5211,92
5212,60
5213,4
5214,57
5215,94
5216,86
5217,75
5218,4
5219,51
5220,1
5221,30
5222,6
5223,52
5224,52
5225,12
5226,43
5227,87
5228,99
5229,86
5230,5
5231,42
5232,23
5233,64
5234,99
5235,49
5236,22
5237,96
5238,47
5239,5
5240,60
5241,71
5242,72
5243,74
5244,31
5245,56
5246,24
5247,30
5248,76
5249,15
5250,39
5251,16
5252,14
5253,34
5254,97
5255,95
5256,55
5257,65
5258,25
5259,69
5260,82
5261,3
5262,67
5263,52
5264,71
5265,47
5266,47
5267,68
5268,69
5269,87
5270,61
5271,36
5272,46
5273,42
5274,21
5275,30
5276,26
5277,43
5278,13
5279,29
5280,49
5281,33
5282,53
5283,73
5284,33
5285,2
5286,85
5287,89
5288,79
5289,26
5290,79
5291,97
5292,92
5293,38
5294,16
5295,75
5296,14
5297,53
5298,88
5299,64
5300,54
5301,49
5302,6
5303,96
5304,8
5305,67
5306,0
5307,44
5308,46
5309,57
5310,66
5311,48
5312,45
5313,60
5314,89
5315,16
5316,42
5317,58
5318,22
5319,22
5320,75
5321,37
5322,21
5323,60
5324,40
5325,27
5326,53
5327,88
5328,37
5329,88
5330,83
5331,64
5332,62
5333,94
5334,27
5335,95
5336,64
5337,59
5338,87
5339,66
5340,45
5341,34
5342,48
5343,87
5344,47
5345,46
5346,61
5347,97
5348,42
5349,25
5350,48
5351,45
5352,36
5353,44
5354,19
5355,76
5356,74
5357,61
5358,56
5359,97
5360,78
5361,4
5362,8
5363,44
5364,22
5365,61
5366,77
5367,85
5368,95
5369,99
5370,0
5371,65
5372,45
5373,33
5374,49
5375,91
5376,36
5377,98
5378,99
5379,49
5380,95
5381,11
5382,45
5383,80
5384,60
5385,3
5386,51
5387,94
5388,77
5389,6
5390,62
5391,78
5392,28
5393,26
5394,61
5395,29
5396,64
5397,95
5398,4
5399,42
5400,37
5401,8
5402,99
5403,16
5404,83
5405,99
5406,9
5407,50
5408,55
5409,33
5410,52
5411,28
5412,78
5413,28
5414,22
5415,20
5416,28
5417,17
5418,66
5419,89
5420,72
5421,1
5422,16
5423,12
5424,42
5425,97
5426,78
5427,14
5428,94
5429,85
5430,48
5431,16
5432,27
5433,31
5434,59
5435,92
5436,25
5437,58
5438,92
5439,60
5440,9
5441,44
5442,49
5443,71
5444,57
5445,41
5446,31
5447,73
5448,56
5449,42
5450,70
5451,45
5452,42
5453,43
5454,86
5455,38
5456,24
5457,84
5458,38
5459,60
5460,48
5461,19
5462,30
5463,22
5464,76
5465,12
5466,4
5467,85
5468,68
5469,89
5470,52
5471,74
5472,42
5473,20
5474,45
5475,66
5476,62
5477,87
5478,15
5479,28
5480,74
5481,78
5482,28
5483,38
5484,51
5485,62
5486,48
5487,79
5488,67
5489,3
5490,90
5491,18
5492,22
5493,88
5494,15
5495,41
5496,0
5497,6
5498,55
5499,12
5500,76
5501,57
5502,64
5503,87
5504,55
5505,39
5506,14
5507,14
5508,1
5509,40
5510,66
5511,32
5512,45
5513,64
5514,54
5515,97
5516,15
5517,84
5518,7
5519,15
5520,70
5521,45
5522,28
5523,27
5524,36
5525,31
5526,80
5527,16
5528,82
5529,6
5530,19
5531,87
5532,19
5533,66
5534,26
5535,98
5536,2
5537,68
5538,47
5539,18
5540,14
5541,4
5542,37
5543,65
5544,81
5545,98
5546,93
5547,76
5548,95
5549,5
5550,89
5551,69
5552,57
5553,71
5554,95
5555,28
5556,7
5557,47
5558,6
5559,24
5560,73
5561,60
5562,27
5563,56
5564,35
5565,94
5566,25
5567,23
5568,58
5569,16
5570,38
5571,85
5572,48
5573,82
5574,21
5575,38
5576,69
5577,39
5578,12
5579,29
5580,25
5581,17
5582,87
5583,78
5584,54
5585,73
5586,64
5587,25
5588,75
5589,14
5590,18
5591,74
5592,62
5593,41
5594,62
5595,22
5596,37
5597,80
5598,48
5599,84
5600,90
5601,26
5602,11
5603,20
5604,7
5605,10
5606,63
5607,53
5608,11
5609,37
5610,33
5611,76
5612,48
5613,63
5614,84
5615,31
5616,54
5617,28
5618,72
5619,34
5620,52
5621,63
5622,54
5623,46
5624,93
5625,61
5626,35
5627,37
5628,75
5629,59
5630,68
5631,81
5632,81
5633,39
5634,13
5635,37
5636,35
5637,81
5638,37
5639,44
5640,4
5641,23
5642,72
5643,94
5644,22
5645,47
5646,80
5647,5
5648,96
5649,40
5650,48
5651,96
5652,23
5653,45
5654,58
5655,98
5656,71
5657,60
5658,62
5659,60
5660,68
5661,52
5662,6
5663,55
5664,46
5665,77
5666,94
5667,73
5668,70
5669,59
5670,55
5671,39
5672,55
5673,55
5674,25
5675,0
5676,61
5677,24
5678,56
5679,0
5680,83
5681,3
5682,37
5683,20
5684,54
5685,11
5686,9
5687,65
5688,65
5689,78
5690,5
5691,48
5692,1
5693,59
5694,77
5695,49
5696,89
5697,36
5698,42
5699,20
5700,38
5701,67
5702,87
5703,71
5704,36
5705,30
5706,27
5707,36
5708,54
5709,59
5710,88
5711,6
5712,31
5713,65
5714,32
5715,58
5716,10
5717,64
5718,55
5719,4
5720,27
5721,71
5722,56
5723,96
5724,99
5725,70
5726,34
5727,53
5728,17
5729,93
5730,66
5731,0
5732,58
5733,65
5734,37
5735,70
5736,58
5737,97
5738,13
5739,43
5740,39
5741,9
5742,7
5743,68
5744,50
5745,51
5746,50
5747,15
5748,37
5749,37
5750,30
5751,72
5752,50
5753,1
5754,59
5755,55
5756,58
5757,13
5758,56
5759,44
5760,45
5761,32
5762,24
5763,90
5764,78
5765,56
5766,40
5767,63
5768,22
5769,2
5770,14
5771,72
5772,76
5773,73
5774,2
5775,79
5776,5
5777,23
5778,12
5779,43
5780,91
5781,97
5782,50
5783,50
5784,62
5785,33
5786,77
5787,4
5788,45
5789,62
5790,49
5791,30
5792,24
5793,73
5794,31
5795,55
5796,59
5797,46
5798,2
5799,20
5800,83
5801,80
5802,38
5803,30
5804,93
5805,93
5806,41
5807,0
5808,97
5809,54
5810,9
5811,8
5812,87
5813,13
5814,12
5815,49
5816,60
5817,81
5818,89
5819,97
5820,51
5821,54
5822,59
5823,82
5824,7
5825,94
5826,50
5827,56
5828,37
5829,63
5830,27
5831,89
5832,38
5833,88
5834,75
5835,24
5836,28
5837,56
5838,78
5839,41
5840,62
5841,7
5842,11
5843,29
5844,26
5845,22
5846,59
5847,32
5848,62
5849,28
5850,96
5851,93
5852,57
5853,81
5854,47
5855,8
5856,30
5857,17
5858,1
5859,18
5860,91
5861,26
5862,98
5863,57
5864,60
5865,16
5866,54
5867,7
5868,47
5869,91
5870,50
5871,22
5872,44
5873,74
5874,74
5875,71
5876,85
5877,8
5878,31
5879,40
5880,17
5881,45
5882,40
5883,78
5884,28
5885,0
5886,17
5887,26
5888,71
5889,34
5890,97
5891,99
5892,27
5893,58
5894,16
5895,48
5896,92
5897,35
5898,5
5899,41
5900,0
5901,38
5902,27
5903,65
5904,6
5905,42
5906,70
5907,73
5908,15
5909,30
5910,62
5911,97
5912,15
5913,0
5914,57
5915,15
5916,2
5917,53
5918,69
5919,47
5920,81
5921,84
5922,73
5923,43
5924,78
5925,52
5926,20
5927,76
5928,65
5929,79
5930,99
5931,62
5932,84
5933,55
5934,2
5935,1
5936,87
5937,81
5938,66
5939,69
5940,39
5941,60
5942,88
5943,6
5944,51
5945,43
5946,31
5947,34
5948,4
5949,78
5950,32
5951,49
5952,23
5953,68
5954,55
5955,66
5956,48
5957,8
5958,77
5959,22
5960,89
5961,55
5962,55
5963,66
5964,43
5965,60
5966,84
5967,92
5968,91
5969,90
5970,46
5971,35
5972,77
5973,27
5974,85
5975,70
5976,16
5977,90
5978,22
5979,43
5980,35
5981,9
5982,50
5983,20
5984,72
5985,81
5986,95
5987,9
5988,25
5989,12
5990,24
5991,61
5992,50
5993,9
5994,8
5995,20
5996,41
5997,49
5998,70
5999,30
6000,31
6001,18
6002,35
6003,23
6004,47
6005,59
6006,30
6007,88
6008,94
6009,82
6010,30
6011,17
6012,81
6013,67
6014,62
6015,37
6016,73
6017,30
6018,9
6019,55
6020,82
6021,46
6022,48
6023,35
6024,88
6025,9
6026,88
6027,21
6028,11
6029,72
6030,82
6031,40
6032,47
6033,10
6034,61
6035,92
6036,93
6037,72
6038,54
6039,88
6040,81
6041,98
6042,39
6043,70
6044,15
6045,51
6046,94
6047,70
6048,59
6049,70
6050,92
6051,9
6052,3
6053,39
6054,73
6055,42
6056,99
6057,16
6058,11
6059,28
6060,98
6061,34
6062,12
6063,89
6064,14
6065,57
6066,37
6067,34
6068,4
6069,75
6070,13
6071,40
6072,49
6073,29
6074,87
6075,58
6076,36
6077,73
6078,83
6079,61
6080,64
6081,12
6082,25
6083,17
6084,29
6085,3
6086,80
6087,97
6088,65
6089,9
6090,55
6091,38
6092,2
6093,28
6094,43
6095,57
6096,50
6097,99
6098,20
6099,0
6100,32
6101,90
6102,70
6103,26
6104,31
6105,88
6106,56
6107,23
6108,71
6109,26
6110,11
6111,4
6112,39
6113,66
6114,96
6115,63
6116,37
6117,39
6118,85
6119,31
6120,84
6121,14
6122,39
6123,18
6124,43
6125,96
6126,2
6127,6
6128,27
6129,22
6130,19
6131,39
6132,97
6133,6
6134,22
6135,77
6136,7
6137,52
6138,25
6139,61
6140,21
6141,20
6142,42
6143,80
6144,48
6145,39
6146,77
6147,74
6148,98
6149,12
6150,73
6151,19
6152,51
6153,79
6154,78
6155,6
6156,4
6157,68
6158,32
6159,25
6160,34
6161,87
6162,34
6163,34
6164,56
6165,22
6166,16
6167,92
6168,83
6169,84
6170,74
6171,50
6172,17
6173,40
6174,47
6175,34
6176,87
6177,50
6178,64
6179,49
6180,78
6181,68
6182,16
6183,96
6184,28
6185,86
6186,14
6187,54
6188,23
6189,65
6190,63
6191,87
6192,34
6193,20
6194,64
6195,77
6196,15
6197,57
6198,78
6199,53
6200,81
6201,4
6202,95
6203,27
6204,94
6205,95
6206,40
6207,33
6208,49
6209,78
6210,42
6211,37
6212,10
6213,25
6214,9
6215,42
6216,40
6217,9
6218,39
6219,70
6220,96
6221,91
6222,62
6223,15
6224,61
6225,98
6226,8
6227,2
6228,66
6229,66
6230,46
6231,99
6232,56
6233,20
6234,95
6235,68
6236,47
6237,94
6238,22
6239,9
6240,23
6241,11
6242,55
6243,80
6244,41
6245,20
6246,17
6247,35
6248,73
6249,96
6250,60
6251,28
6252,10
6253,0
6254,83
6255,3
6256,72
6257,29
6258,24
6259,71
6260,52
6261,60
6262,13
6263,57
6264,52
6265,87
6266,27
6267,22
6268,83
6269,22
6270,40
6271,56
6272,1
6273,26
6274,29
6275,71
6276,50
6277,75
6278,19
6279,48
6280,45
6281,42
6282,18
6283,68
6284,50
6285,55
6286,80
6287,73
6288,4
6289,5
6290,76
6291,46
6292,66
6293,88
6294,90
6295,52
6296,50
6297,39
6298,9
6299,86
6300,19
6301,2
6302,36
6303,75
6304,69
6305,30
6306,74
6307,27
6308,4
6309,6
6310,15
6311,72
6312,54
6313,40
6314,74
6315,71
6316,68
6317,40
6318,76
6319,47
6320,14
6321,50
6322,37
6323,40
6324,97
6325,93
6326,34
6327,10
6328,75
6329,83
6330,74
6331,66
6332,52
6333,52
6334,86
6335,66
6336,24
6337,69
6338,41
6339,13
6340,2
6341,71
6342,61
6343,48
6344,44
6345,60
6346,38
6347,69
6348,6
6349,30
6350,2
6351,54
6352,17
6353,21
6354,56
6355,72
6356,14
6357,98
6358,73
6359,47
6360,48
6361,24
6362,59
6363,87
6364,20
6365,29
6366,92
6367,47
6368,13
6369,63
6370,39
6371,99
6372,45
6373,93
6374,46
6375,79
6376,76
6377,27
6378,81
6379,89
6380,83
6381,60
6382,48
6383,46
6384,2
6385,30
6386,98
6387,21
6388,82
6389,55
6390,94
6391,50
6392,71
6393,75
6394,79
6395,42
6396,75
6397,18
6398,89
6399,50
6400,83
6401,42
6402,67
6403,81
6404,67
6405,52
6406,17
6407,76
6408,5
6409,88
6410,69
6411,13
6412,37
6413,94
6414,54
6415,0
6416,48
6417,21
6418,29
6419,39
6420,86
6421,60
6422,31
6423,94
6424,78
6425,68
6426,52
6427,43
6428,2
6429,14
6430,89
6431,9
6432,27
6433,97
6434,48
6435,85
6436,27
6437,42
6438,6
6439,64
6440,9
6441,66
6442,44
6443,33
6444,33
6445,79
6446,74
6447,97
6448,88
6449,48
6450,78
6451,25
6452,83
6453,7
6454,40
6455,44
6456,80
6457,16
6458,45
6459,45
6460,12
6461,99
6462,18
6463,6
6464,41
6465,46
6466,69
6467,18
6468,44
6469,51
6470,32
6471,30
6472,69
6473,21
6474,85
6475,15
6476,62
6477,5
6478,71
6479,52
6480,59
6481,88
6482,22
6483,98
6484,19
6485,72
6486,22
6487,56
6488,99
6489,30
6490,22
6491,20
6492,67
6493,57
6494,90
6495,29
6496,3
6497,91
6498,64
6499,43
6500,22
6501,49
6502,26
6503,28
6504,47
6505,26
6506,85
6507,40
6508,22
6509,93
6510,87
6511,46
6512,94
6513,44
6514,25
6515,93
6516,53
6517,12
6518,27
6519,44
6520,51
6521,88
6522,39
6523,67
6524,78
6525,4
6526,55
6527,49
6528,38
6529,37
6530,25
6531,87
6532,92
6533,50
6534,35
6535,44
6536,53
6537,91
6538,3
6539,51
6540,26
6541,9
6542,96
6543,39
6544,4
6545,34
6546,44
6547,48
6548,56
6549,18
6550,45
6551,92
6552,97
6553,8
6554,79
6555,97
6556,81
6557,68
6558,91
6559,10
6560,77
6561,66
6562,33
6563,60
6564,43
6565,45
6566,50
6567,31
6568,87
6569,49
6570,99
6571,24
6572,68
6573,2
6574,58
6575,51
6576,66
6577,36
6578,55
6579,78
6580,43
6581,19
6582,51
6583,64
6584,48
6585,35
6586,49
6587,70
6588,59
6589,30
6590,61
6591,5
6592,79
6593,71
6594,20
6595,44
6596,67
6597,28
6598,76
6599,31
6600,27
6601,82
6602,24
6603,46
6604,54
6605,8
6606,11
6607,52
6608,25
6609,93
6610,3
6611,2
6612,47
6613,73
6614,87
6615,62
6616,15
6617,11
6618,79
6619,20
6620,52
6621,96
6622,78
6623,65
6624,35
6625,77
6626,27
6627,24
6628,77
6629,17
6630,36
6631,80
6632,74
6633,41
6634,32
6635,71
6636,76
6637,44
6638,65
6639,21
6640,81
6641,62
6642,55
6643,96
6644,73
6645,4
6646,29
6647,82
6648,32
6649,50
6650,49
6651,35
6652,97
6653,58
6654,43
6655,20
6656,16
6657,22
6658,32
6659,6
6660,53
6661,60
6662,50
6663,83
6664,18
6665,32
6666,66
6667,78
6668,80
6669,35
6670,69
6671,40
6672,11
6673,22
6674,49
6675,46
6676,1
6677,1
6678,15
6679,19
6680,18
6681,37
6682,50
6683,92
6684,76
6685,47
6686,46
6687,82
6688,75
6689,61
6690,55
6691,90
6692,78
6693,34
6694,87
6695,5
6696,85
6697,70
6698,2
6699,14
6700,45
6701,1
6702,95
6703,90
6704,64
6705,42
6706,12
6707,91
6708,47
6709,35
6710,78
6711,54
6712,11
6713,8
6714,84
6715,44
6716,11
6717,71
6718,21
6719,28
6720,48
6721,77
6722,67
6723,75
6724,40
6725,17
6726,65
6727,95
6728,74
6729,51
6730,48
6731,65
6732,6
6733,33
6734,5
6735,4
6736,30
6737,14
6738,83
6739,23
6740,78
6741,47
6742,13
6743,41
6744,76
6745,78
6746,97
6747,44
6748,24
6749,76
6750,57
6751,74
6752,16
6753,91
6754,54
6755,92
6756,67
6757,4
6758,2
6759,5
6760,39
6761,46
6762,37
6763,74
6764,81
6765,74
6766,31
6767,42
6768,47
6769,85
6770,10
6771,66
6772,10
6773,52
6774,77
6775,11
6776,69
6777,39
6778,15
6779,77
6780,36
6781,23
6782,41
6783,94
6784,48
6785,17
6786,62
6787,70
6788,9
6789,4
6790,37
6791,81
6792,48
6793,69
6794,18
6795,22
6796,75
6797,24
6798,72
6799,48
6800,24
6801,10
6802,4
6803,77
6804,10
6805,2
6806,0
6807,89
6808,24
6809,25
6810,68
6811,66
6812,15
6813,5
6814,90
6815,77
6816,59
6817,99
6818,26
6819,35
6820,52
6821,70
6822,90
6823,94
6824,37
6825,83
6826,10
6827,0
6828,62
6829,96
6830,4
6831,78
6832,59
6833,6
6834,15
6835,47
6836,96
6837,8
6838,26
6839,62
6840,25
6841,78
6842,1
6843,73
6844,93
6845,82
6846,47
6847,70
6848,8
6849,19
6850,45
6851,24
6852,86
6853,19
6854,97
6855,22
6856,72
6857,83
6858,5
6859,10
6860,40
6861,12
6862,33
6863,94
6864,68
6865,8
6866,89
6867,69
6868,95
6869,43
6870,60
6871,11
6872,92
6873,12
6874,90
6875,2
6876,54
6877,45
6878,36
6879,50
6880,19
6881,90
6882,17
6883,98
6884,81
6885,15
6886,9
6887,99
6888,77
6889,2
6890,22
6891,93
6892,33
6893,72
6894,73
6895,50
6896,62
6897,70
6898,4
6899,9
6900,28
6901,91
6902,26
6903,85
6904,30
6905,84
6906,54
6907,39
6908,76
6909,47
6910,67
6911,51
6912,44
6913,32
6914,8
6915,81
6916,59
6917,38
6918,55
6919,26
6920,13
6921,25
6922,0
6923,88
6924,42
6925,4
6926,52
6927,54
6928,14
6929,12
6930,89
6931,53
6932,21
6933,18
6934,19
6935,36
6936,27
6937,35
6938,31
6939,62
6940,41
6941,65
6942,28
6943,20
6944,14
6945,96
6946,3
6947,41
6948,72
6949,83
6950,56
6951,88
6952,76
6953,71
6954,89
6955,12
6956,14
6957,60
6958,78
6959,40
6960,24
6961,17
6962,86
6963,76
6964,84
6965,51
6966,60
6967,97
6968,29
6969,65
6970,45
6971,7
6972,9
6973,59
6974,33
6975,53
6976,32
6977,7
6978,86
6979,70
6980,46
6981,5
6982,66
6983,52
6984,35
6985,55
6986,54
6987,85
6988,2
6989,75
6990,66
6991,65
6992,89
6993,92
6994,86
6995,61
6996,64
6997,66
6998,39
6999,29
7000,35
7001,91
7002,68
7003,7
7004,50
7005,33
7006,89
7007,83
7008,91
7009,1
7010,66
7011,75
7012,9
7013,25
7014,87
7015,59
7016,38
7017,56
7018,55
7019,6
7020,45
7021,15
7022,14
7023,18
7024,35
7025,70
7026,37
7027,84
7028,97
7029,95
7030,69
7031,59
7032,63
7033,86
7034,22
7035,79
7036,66
7037,11
7038,29
7039,49
7040,99
7041,53
7042,73
7043,85
7044,46
7045,81
7046,20
7047,1
7048,73
7049,14
7050,87
7051,37
7052,86
7053,86
7054,28
7055,93
7056,62
7057,50
7058,41
7059,11
7060,4
7061,46
7062,36
7063,20
7064,57
7065,1
7066,33
7067,50
7068,80
7069,52
7070,81
7071,14
7072,23
7073,14
7074,57
7075,50
7076,2
7077,9
7078,42
7079,21
7080,81
7081,87
7082,29
7083,81
7084,46
7085,93
7086,89
7087,97
7088,63
7089,19
7090,16
7091,6
7092,15
7093,86
7094,27
7095,24
7096,39
7097,1
7098,68
7099,0
7100,71
7101,95
7102,84
7103,23
7104,51
7105,40
7106,63
7107,17
7108,31
7109,48
7110,8
7111,2
7112,44
7113,66
7114,15
7115,78
7116,12
7117,14
7118,56
7119,58
7120,70
7121,85
7122,70
7123,94
7124,41
7125,97
7126,5
7127,4
7128,15
7129,62
7130,2
7131,58
7132,47
7133,89
7134,57
7135,80
7136,16
7137,84
7138,3
7139,83
7140,40
7141,38
7142,27
7143,77
7144,44
7145,68
7146,66
7147,31
7148,95
7149,66
7150,80
7151,95
7152,96
7153,96
7154,76
7155,15
7156,4
7157,19
7158,52
7159,84
7160,48
7161,7
7162,67
7163,35
7164,3
7165,69
7166,14
7167,69
7168,36
7169,16
7170,73
7171,94
7172,86
7173,72
7174,16
7175,90
7176,56
7177,4
7178,70
7179,88
7180,71
7181,51
7182,78
7183,14
7184,61
7185,50
7186,96
7187,62
7188,85
7189,74
7190,57
7191,23
7192,20
7193,38
7194,15
7195,25
7196,77
7197,62
7198,37
7199,83
7200,15
7201,47
7202,75
7203,14
7204,28
7205,27
7206,65
7207,58
7208,15
7209,48
7210,47
7211,79
7212,71
7213,7
7214,60
7215,8
7216,38
7217,49
7218,70
7219,0
7220,19
7221,62
7222,90
7223,15
7224,22
7225,26
7226,75
7227,41
7228,65
7229,51
7230,75
7231,46
7232,34
7233,7
7234,17
7235,65
7236,2
7237,26
7238,14
7239,90
7240,36
7241,30
7242,8
7243,21
7244,28
7245,76
7246,65
7247,59
7248,34
7249,48
7250,14
7251,44
7252,53
7253,76
7254,30
7255,27
7256,86
7257,37
7258,82
7259,16
7260,11
7261,54
7262,8
7263,80
7264,32
7265,44
7266,8
7267,40
7268,53
7269,1
7270,72
7271,93
7272,93
7273,6
7274,87
7275,78
7276,26
7277,24
7278,75
7279,38
7280,87
7281,8
7282,8
7283,42
7284,51
7285,8
7286,13
7287,18
7288,85
7289,48
7290,35
7291,6
7292,32
7293,15
7294,55
7295,26
7296,72
7297,27
7298,15
7299,55
7300,93
7301,65
7302,95
7303,87
7304,93
7305,55
7306,88
7307,36
7308,97
7309,73
7310,35
7311,37
7312,6
7313,70
7314,4
7315,26
7316,71
7317,88
7318,67
7319,20
7320,41
7321,44
7322,99
7323,92
7324,75
7325,21
7326,36
7327,36
7328,82
7329,95
7330,71
7331,61
7332,23
7333,29
7334,77
7335,40
7336,50
7337,25
7338,19
7339,73
7340,6
7341,9
7342,68
7343,40
7344,5
7345,10
7346,11
7347,41
7348,72
7349,47
7350,57
7351,74
7352,96
7353,88
7354,92
7355,46
7356,96
7357,19
7358,84
7359,45
7360,76
7361,54
7362,22
7363,68
7364,70
7365,83
7366,5
7367,42
7368,35
7369,45
7370,55
7371,67
7372,7
7373,34
7374,46
7375,97
7376,13
7377,29
7378,8
7379,81
7380,41
7381,29
7382,15
7383,16
7384,52
7385,8
7386,50
7387,26
7388,17
7389,85
7390,86
7391,85
7392,22
7393,96
7394,75
7395,50
7396,71
7397,60
7398,22
7399,55
7400,4
7401,53
7402,23
7403,2
7404,80
7405,99
7406,38
7407,33
7408,63
7409,62
7410,9
7411,97
7412,29
7413,34
7414,47
7415,9
7416,14
7417,42
7418,57
7419,56
7420,99
7421,61
7422,81
7423,9
7424,83
7425,88
7426,50
7427,27
7428,10
7429,68
7430,40
7431,40
7432,27
7433,63
7434,19
7435,62
7436,28
7437,94
7438,52
7439,16
7440,98
7441,13
7442,70
7443,94
7444,26
7445,50
7446,68
7447,66
7448,24
7449,63
7450,56
7451,68
7452,12
7453,53
7454,64
7455,35
7456,20
7457,62
7458,24
7459,16
7460,26
7461,12
7462,33
7463,45
7464,19
7465,22
7466,73
7467,45
7468,75
7469,94
7470,29
7471,97
7472,45
7473,40
7474,12
7475,91
7476,63
7477,85
7478,33
7479,23
7480,53
7481,8
7482,61
7483,51
7484,8
7485,74
7486,56
7487,11
7488,60
7489,48
7490,98
7491,21
7492,60
7493,56
7494,63
7495,27
7496,96
7497,79
7498,17
7499,94
7500,16
7501,79
7502,91
7503,43
7504,14
7505,92
7506,6
7507,88
7508,81
7509,85
7510,96
7511,27
7512,37
7513,63
7514,59
7515,10
7516,78
7517,18
7518,53
7519,15
7520,72
7521,43
7522,10
7523,54
7524,87
7525,79
7526,68
7527,4
7528,69
7529,64
7530,83
7531,41
7532,71
7533,46
7534,47
7535,20
7536,5
7537,90
7538,47
7539,26
7540,83
7541,14
7542,20
7543,5
7544,7
7545,83
7546,91
7547,83
7548,68
7549,93
7550,85
7551,81
7552,60
7553,45
7554,44
7555,45
7556,83
7557,73
7558,26
7559,81
7560,88
7561,42
7562,88
7563,31
7564,97
7565,23
7566,19
7567,59
7568,44
7569,48
7570,34
7571,16
7572,64
7573,75
7574,55
7575,4
7576,32
7577,15
7578,35
7579,32
7580,45
7581,87
7582,38
7583,37
7584,8
7585,45
7586,92
7587,15
7588,82
7589,28
7590,89
7591,92
7592,22
7593,53
7594,29
7595,27
7596,28
7597,37
7598,54
7599,30
7600,95
7601,7
7602,59
7603,24
7604,94
7605,7
7606,94
7607,94
7608,35
7609,80
7610,33
7611,52
7612,40
7613,97
7614,72
7615,64
7616,82
7617,2
7618,75
7619,51
7620,50
7621,34
7622,25
7623,85
7624,30
7625,74
7626,22
7627,95
7628,81
7629,62
7630,44
7631,52
7632,6
7633,44
7634,62
7635,65
7636,69
7637,84
7638,92
7639,80
7640,48
7641,50
7642,62
7643,25
7644,92
7645,18
7646,25
7647,19
7648,8
7649,68
7650,30
7651,3
7652,83
7653,32
7654,45
7655,0
7656,40
7657,51
7658,13
7659,32
7660,12
7661,87
7662,66
7663,61
7664,41
7665,64
7666,52
7667,66
7668,68
7669,80
7670,4
7671,11
7672,5
7673,50
7674,98
7675,65
7676,88
7677,50
7678,75
7679,53
7680,3
7681,25
7682,98
7683,82
7684,7
7685,25
7686,36
7687,7
7688,18
7689,92
7690,5
7691,37
7692,72
7693,41
7694,94
7695,33
7696,65
7697,79
7698,39
7699,23
7700,15
7701,31
7702,10
7703,71
7704,67
7705,91
7706,84
7707,11
7708,55
7709,33
7710,90
7711,80
7712,50
7713,55
7714,51
7715,77
7716,36
7717,30
7718,41
7719,96
7720,54
7721,81
7722,37
7723,75
7724,29
7725,71
7726,24
7727,83
7728,53
7729,44
7730,57
7731,83
7732,45
7733,22
7734,52
7735,42
7736,89
7737,22
7738,85
7739,39
7740,7
7741,25
7742,35
7743,44
7744,70
7745,83
7746,49
7747,70
7748,87
7749,90
7750,38
7751,63
7752,97
7753,36
7754,83
7755,82
7756,65
7757,87
7758,7
7759,4
7760,97
7761,2
7762,9
7763,99
7764,40
7765,43
7766,85
7767,91
7768,78
7769,73
7770,40
7771,83
7772,65
7773,62
7774,90
7775,50
7776,82
7777,24
7778,80
7779,16
7780,16
7781,39
7782,7
7783,33
7784,10
7785,91
7786,54
7787,77
7788,29
7789,43
7790,53
7791,30
7792,84
7793,44
7794,5
7795,26
7796,53
7797,74
7798,55
7799,38
7800,15
7801,29
7802,25
7803,35
7804,16
7805,34
7806,48
7807,30
7808,3
7809,66
7810,77
7811,4
7812,13
7813,18
7814,92
7815,72
7816,13
7817,91
7818,29
7819,91
7820,91
7821,61
7822,75
7823,17
7824,71
7825,54
7826,46
7827,52
7828,94
7829,89
7830,45
7831,56
7832,6
7833,88
7834,60
7835,89
7836,30
7837,59
7838,78
7839,6
7840,63
7841,80
7842,54
7843,83
7844,60
7845,76
7846,36
7847,44
7848,14
7849,26
7850,9
7851,81
7852,85
7853,32
7854,63
7855,82
7856,71
7857,87
7858,99
7859,79
7860,99
7861,92
7862,8
7863,90
7864,65
7865,34
7866,90
7867,17
7868,39
7869,53
7870,21
7871,48
7872,5
7873,34
7874,5
7875,66
7876,55
7877,74
7878,40
7879,91
7880,16
7881,4
7882,33
7883,87
7884,89
7885,5
7886,56
7887,83
7888,74
7889,85
7890,24
7891,3
7892,23
7893,76
7894,45
7895,84
7896,52
7897,54
7898,72
7899,40
7900,58
7901,84
7902,24
7903,91
7904,4
7905,46
7906,66
7907,83
7908,79
7909,0
7910,23
7911,14
7912,55
7913,86
7914,75
7915,45
7916,82
7917,22
7918,96
7919,76
7920,59
7921,14
7922,68
7923,22
7924,34
7925,45
7926,66
7927,8
7928,30
7929,11
7930,1
7931,23
7932,3
7933,87
7934,5
7935,29
7936,93
7937,27
7938,1
7939,18
7940,62
7941,53
7942,54
7943,4
7944,18
7945,84
7946,83
7947,8
7948,96
7949,8
7950,42
7951,62
7952,29
7953,55
7954,73
7955,2
7956,76
7957,87
7958,4
7959,31
7960,45
7961,60
7962,58
7963,30
7964,56
7965,84
7966,4
7967,44
7968,45
7969,18
7970,23
7971,29
7972,85
7973,34
7974,93
7975,16
7976,16
7977,40
7978,95
7979,45
7980,66
7981,0
7982,16
7983,11
7984,5
7985,86
7986,54
7987,29
7988,85
7989,82
7990,51
7991,82
7992,17
7993,31
7994,93
7995,12
7996,26
7997,32
7998,28
7999,58
8000,6
8001,1
8002,1
8003,44
8004,53
8005,3
8006,33
8007,45
8008,97
8009,73
8010,1
8011,14
8012,35
8013,62
8014,19
8015,88
8016,11
8017,31
8018,56
8019,0
8020,54
8021,61
8022,20
8023,85
8024,17
8025,53
8026,89
8027,18
8028,81
8029,6
8030,96
8031,41
8032,75
8033,26
8034,25
8035,60
8036,25
8037,34
8038,74
8039,47
8040,24
8041,89
8042,78
8043,17
8044,7
8045,0
8046,87
8047,6
8048,95
8049,88
8050,59
8051,44
8052,12
8053,54
8054,46
8055,79
8056,8
8057,43
8058,57
8059,87
8060,40
8061,53
8062,98
8063,80
8064,33
8065,8
8066,57
8067,33
8068,26
8069,11
8070,7
8071,94
8072,87
8073,64
8074,22
8075,16
8076,14
8077,57
8078,2
8079,38
8080,88
8081,55
8082,58
8083,93
8084,36
8085,13
8086,91
8087,84
8088,9
8089,8
8090,9
8091,75
8092,85
8093,70
8094,59
8095,6
8096,2
8097,52
8098,79
8099,70
8100,34
8101,97
8102,99
8103,49
8104,18
8105,55
8106,92
8107,90
8108,38
8109,34
8110,61
8111,69
8112,37
8113,77
8114,24
8115,51
8116,99
8117,51
8118,9
8119,11
8120,1
8121,84
8122,10
8123,86
8124,44
8125,91
8126,13
8127,90
8128,68
8129,60
8130,45
8131,0
8132,34
8133,81
8134,32
8135,83
8136,6
8137,49
8138,35
8139,40
8140,3
8141,85
8142,6
8143,65
8144,66
8145,46
8146,64
8147,12
8148,41
8149,64
8150,22
8151,93
8152,84
8153,26
8154,27
8155,72
8156,50
8157,67
8158,40
8159,11
8160,67
8161,44
8162,66
8163,60
8164,56
8165,58
8166,82
8167,31
8168,78
8169,89
8170,28
8171,3
8172,95
8173,76
8174,60
8175,76
8176,91
8177,64
8178,16
8179,55
8180,62
8181,38
8182,91
8183,48
8184,63
8185,55
8186,42
8187,34
8188,53
8189,72
8190,28
8191,8
8192,99
8193,45
8194,59
8195,61
8196,60
8197,73
8198,61
8199,6
8200,63
8201,43
8202,49
8203,92
8204,92
8205,45
8206,57
8207,87
8208,18
8209,20
8210,3
8211,53
8212,90
8213,66
8214,73
8215,72
8216,55
8217,95
8218,81
8219,58
8220,73
8221,60
8222,88
8223,14
8224,15
8225,46
8226,47
8227,79
8228,90
8229,75
8230,27
8231,19
8232,41
8233,39
8234,99
8235,33
8236,94
8237,45
8238,73
8239,36
8240,77
8241,3
8242,75
8243,62
8244,94
8245,61
8246,85
8247,38
8248,12
8249,1
8250,0
8251,30
8252,84
8253,98
8254,29
8255,7
8256,18
8257,8
8258,87
8259,91
8260,84
8261,42
8262,62
8263,31
8264,40
8265,30
8266,30
8267,43
8268,48
8269,96
8270,96
8271,72
8272,40
8273,14
8274,28
8275,66
8276,11
8277,81
8278,22
8279,67
8280,79
8281,65
8282,88
8283,56
8284,81
8285,29
8286,84
8287,69
8288,30
8289,6
8290,59
8291,54
8292,84
8293,50
8294,7
8295,74
8296,3
8297,71
8298,5
8299,14
8300,48
8301,18
8302,0
8303,70
8304,38
8305,7
8306,24
8307,69
8308,16
8309,9
8310,42
8311,41
8312,54
8313,27
8314,0
8315,92
8316,85
8317,9
8318,43
8319,79
8320,77
8321,75
8322,74
8323,38
8324,42
8325,24
8326,8
8327,0
8328,50
8329,89
8330,4
8331,54
8332,69
8333,51
8334,42
8335,78
8336,71
8337,98
8338,64
8339,38
8340,99
8341,57
8342,21
8343,46
8344,1
8345,55
8346,47
8347,43
8348,92
8349,46
8350,68
8351,18
8352,1
8353,71
8354,96
8355,98
8356,47
8357,90
8358,77
8359,28
8360,37
8361,22
8362,31
8363,18
8364,4
8365,92
8366,38
8367,93
8368,28
8369,39
8370,18
8371,41
8372,44
8373,49
8374,70
8375,11
8376,19
8377,91
8378,82
8379,4
8380,60
8381,88
8382,56
8383,19
8384,32
8385,38
8386,76
8387,99
8388,49
8389,65
8390,59
8391,58
8392,95
8393,5
8394,45
8395,24
8396,35
8397,53
8398,47
8399,6
8400,30
8401,33
8402,8
8403,74
8404,26
8405,34
8406,39
8407,97
8408,96
8409,75
8410,33
8411,87
8412,59
8413,98
8414,16
8415,33
8416,76
8417,41
8418,80
8419,8
8420,75
8421,17
8422,55
8423,93
8424,27
8425,4
8426,6
8427,60
8428,73
8429,31
8430,21
8431,77
8432,90
8433,54
8434,87
8435,86
8436,37
8437,47
8438,19
8439,35
8440,73
8441,55
8442,86
8443,62
8444,26
8445,65
8446,28
8447,15
8448,65
8449,47
8450,76
8451,45
8452,92
8453,39
8454,42
8455,1
8456,37
8457,11
8458,79
8459,71
8460,48
8461,69
8462,9
8463,80
8464,37
8465,35
8466,71
8467,66
8468,48
8469,14
8470,82
8471,1
8472,99
8473,88
8474,93
8475,82
8476,14
8477,17
8478,56
8479,29
8480,70
8481,18
8482,68
8483,52
8484,69
8485,45
8486,16
8487,62
8488,85
8489,68
8490,99
8491,88
8492,40
8493,12
8494,36
8495,60
8496,17
8497,34
8498,25
8499,46
8500,75
8501,22
8502,62
8503,58
8504,42
8505,51
8506,75
8507,73
8508,54
8509,37
8510,28
8511,90
8512,55
8513,88
8514,68
8515,38
8516,73
8517,7
8518,9
8519,58
8520,61
8521,39
8522,56
8523,17
8524,33
8525,77
8526,50
8527,87
8528,36
8529,4
8530,16
8531,94
8532,46
8533,76
8534,60
8535,97
8536,1
8537,0
8538,75
8539,31
8540,30
8541,71
8542,75
8543,47
8544,6
8545,43
8546,14
8547,84
8548,18
8549,34
8550,1
8551,88
8552,53
8553,66
8554,5
8555,56
8556,32
8557,52
8558,40
8559,24
8560,86
8561,54
8562,54
8563,88
8564,61
8565,87
8566,54
8567,24
8568,10
8569,85
8570,17
8571,90
8572,22
8573,86
8574,77
8575,79
8576,94
8577,45
8578,0
8579,39
8580,89
8581,82
8582,41
8583,87
8584,91
8585,73
8586,77
8587,82
8588,31
8589,16
8590,2
8591,2
8592,28
8593,34
8594,50
8595,70
8596,37
8597,7
8598,15
8599,7
8600,76
8601,98
8602,73
8603,38
8604,38
8605,47
8606,47
8607,32
8608,73
8609,13
8610,26
8611,70
8612,95
8613,60
8614,70
8615,2
8616,82
8617,12
8618,34
8619,6
8620,1
8621,62
8622,99
8623,17
8624,4
8625,42
8626,47
8627,48
8628,79
8629,80
8630,84
8631,57
8632,66
8633,68
8634,4
8635,66
8636,16
8637,63
8638,16
8639,39
8640,18
8641,29
8642,65
8643,1
8644,41
8645,34
8646,74
8647,45
8648,12
8649,1
8650,6
8651,27
8652,1
8653,84
8654,69
8655,90
8656,0
8657,33
8658,55
8659,68
8660,30
8661,8
8662,83
8663,87
8664,45
8665,18
8666,11
8667,78
8668,28
8669,74
8670,46
8671,53
8672,34
8673,27
8674,93
8675,18
8676,46
8677,93
8678,85
8679,34
8680,11
8681,31
8682,69
8683,47
8684,2
8685,30
8686,85
8687,93
8688,1
8689,82
8690,45
8691,64
8692,18
8693,58
8694,31
8695,42
8696,23
8697,58
8698,26
8699,83
8700,19
8701,51
8702,38
8703,23
8704,64
8705,61
8706,40
8707,46
8708,99
8709,28
8710,15
8711,63
8712,26
8713,97
8714,78
8715,50
8716,71
8717,81
8718,50
8719,76
8720,28
8721,29
8722,10
8723,82
8724,83
8725,62
8726,53
8727,73
8728,7
8729,96
8730,82
8731,34
8732,15
8733,68
8734,68
8735,34
8736,82
8737,75
8738,37
8739,48
8740,94
8741,76
8742,24
8743,21
8744,8
8745,96
8746,53
8747,30
8748,38
8749,25
8750,27
8751,32
8752,96
8753,20
8754,29
8755,43
8756,69
8757,5
8758,26
8759,34
8760,23
8761,91
8762,67
8763,48
8764,23
8765,53
8766,5
8767,0
8768,56
8769,45
8770,69
8771,73
8772,27
8773,12
8774,42
8775,61
8776,21
8777,95
8778,88
8779,10
8780,15
8781,24
8782,1
8783,15
8784,73
8785,82
8786,5
8787,64
8788,51
8789,56
8790,79
8791,70
8792,46
8793,1
8794,59
8795,5
8796,60
8797,18
8798,76
8799,45
8800,15
8801,6
8802,1
8803,35
8804,94
8805,24
8806,87
8807,71
8808,77
8809,16
8810,60
8811,73
8812,9
8813,75
8814,5
8815,55
8816,44
8817,32
8818,65
8819,56
8820,93
8821,34
8822,40
8823,96
8824,98
8825,85
8826,85
8827,30
8828,14
8829,51
8830,79
8831,88
8832,99
8833,86
8834,15
8835,18
8836,64
8837,97
8838,62
8839,29
8840,24
8841,57
8842,88
8843,78
8844,49
8845,99
8846,95
8847,73
8848,72
8849,12
8850,77
8851,86
8852,65
8853,4
8854,19
8855,62
8856,4
8857,37
8858,10
8859,21
8860,36
8861,57
8862,99
8863,35
8864,6
8865,7
8866,82
8867,82
8868,94
8869,95
8870,81
8871,18
8872,77
8873,33
8874,67
8875,38
8876,60
8877,26
8878,27
8879,41
8880,62
8881,82
8882,36
8883,26
8884,31
8885,47
8886,75
8887,4
8888,29
8889,94
8890,27
8891,84
8892,67
8893,46
8894,50
8895,32
8896,12
8897,25
8898,65
8899,87
8900,53
8901,87
8902,95
8903,53
8904,42
8905,36
8906,89
8907,69
8908,18
8909,81
8910,40
8911,71
8912,31
8913,37
8914,73
8915,75
8916,85
8917,47
8918,97
8919,62
8920,89
8921,26
8922,46
8923,89
8924,83
8925,53
8926,54
8927,3
8928,5
8929,48
8930,94
8931,16
8932,28
8933,60
8934,29
8935,35
8936,59
8937,52
8938,30
8939,83
8940,4
8941,83
8942,89
8943,71
8944,68
8945,52
8946,46
8947,58
8948,98
8949,32
8950,70
8951,52
8952,67
8953,58
8954,77
8955,96
8956,86
8957,54
8958,13
8959,68
8960,97
8961,14
8962,51
8963,50
8964,3
8965,26
8966,58
8967,97
8968,82
8969,55
8970,81
8971,99
8972,28
8973,88
8974,57
8975,88
8976,25
8977,38
8978,71
8979,47
8980,53
8981,48
8982,79
8983,59
8984,29
8985,82
8986,90
8987,77
8988,81
8989,17
8990,14
8991,69
8992,25
8993,32
8994,39
8995,62
8996,89
8997,42
8998,67
8999,99
9000,28
9001,98
9002,88
9003,20
9004,42
9005,18
9006,71
9007,48
9008,69
9009,14
9010,63
9011,6
9012,39
9013,14
9014,15
9015,37
9016,44
9017,48
9018,15
9019,41
9020,73
9021,2
9022,38
9023,23
9024,22
9025,96
9026,11
9027,84
9028,84
9029,73
9030,13
9031,30
9032,36
9033,21
9034,32
9035,12
9036,77
9037,4
9038,58
9039,89
9040,19
9041,54
9042,4
9043,68
9044,9
9045,91
9046,93
9047,19
9048,25
9049,71
9050,57
9051,66
9052,9
9053,82
9054,3
9055,76
9056,84
9057,60
9058,42
9059,94
9060,72
9061,4
9062,6
9063,25
9064,22
9065,65
9066,4
9067,45
9068,25
9069,60
9070,14
9071,62
9072,44
9073,34
9074,86
9075,67
9076,63
9077,23
9078,33
9079,43
9080,14
9081,58
9082,0
9083,83
9084,23
9085,27
9086,56
9087,20
9088,79
9089,20
9090,67
9091,47
9092,19
9093,44
9094,98
9095,18
9096,26
9097,83
9098,56
9099,96
9100,92
9101,59
9102,0
9103,29
9104,74
9105,3
9106,23
9107,9
9108,77
9109,43
9110,15
9111,29
9112,77
9113,19
9114,49
9115,79
9116,7
9117,8
9118,4
9119,61
9120,64
9121,93
9122,39
9123,33
9124,87
9125,31
9126,81
9127,17
9128,28
9129,45
9130,8
9131,68
9132,78
9133,49
9134,63
9135,71
9136,12
9137,2
9138,77
9139,11
9140,55
9141,66
9142,15
9143,84
9144,19
9145,15
9146,70
9147,62
9148,43
9149,87
9150,30
9151,11
9152,6
9153,99
9154,33
9155,90
9156,16
9157,56
9158,4
9159,24
9160,71
9161,64
9162,15
9163,14
9164,23
9165,68
9166,1
9167,81
9168,61
9169,89
9170,21
9171,57
9172,22
9173,87
9174,82
9175,12
9176,38
9177,14
9178,93
9179,51
9180,84
9181,41
9182,64
9183,76
9184,25
9185,91
9186,94
9187,42
9188,79
9189,19
9190,18
9191,87
9192,18
9193,26
9194,1
9195,50
9196,84
9197,6
9198,89
9199,72
9200,0
9201,4
9202,77
9203,82
9204,95
9205,48
9206,16
9207,54
9208,40
9209,56
9210,68
9211,56
9212,39
9213,80
9214,13
9215,67
9216,71
9217,23
9218,50
9219,60
9220,79
9221,0
9222,73
9223,74
9224,98
9225,93
9226,2
9227,32
9228,92
9229,10
9230,76
9231,40
9232,13
9233,30
9234,27
9235,74
9236,8
9237,17
9238,42
9239,91
9240,35
9241,35
9242,69
9243,32
9244,57
9245,84
9246,49
9247,85
9248,74
9249,91
9250,79
9251,76
9252,41
9253,8
9254,70
9255,85
9256,82
9257,7
9258,91
9259,89
9260,32
9261,42
9262,39
9263,26
9264,34
9265,32
9266,15
9267,26
9268,16
9269,70
9270,94
9271,60
9272,91
9273,83
9274,62
9275,85
9276,48
9277,59
9278,11
9279,25
9280,64
9281,41
9282,75
9283,75
9284,34
9285,38
9286,72
9287,17
9288,89
9289,92
9290,19
9291,64
9292,77
9293,23
9294,83
9295,63
9296,2
9297,62
9298,37
9299,36
9300,99
9301,77
9302,56
9303,10
9304,84
9305,14
9306,71
9307,94
9308,80
9309,12
9310,41
9311,52
9312,91
9313,59
9314,43
9315,82
9316,87
9317,23
9318,42
9319,67
9320,47
9321,51
9322,1
9323,6
9324,78
9325,4
9326,86
9327,85
9328,18
9329,63
9330,65
9331,25
9332,44
9333,2
9334,16
9335,44
9336,59
9337,2
9338,54
9339,35
9340,56
9341,75
9342,47
9343,76
9344,20
9345,48
9346,97
9347,9
9348,10
9349,38
9350,5
9351,75
9352,36
9353,42
9354,84
9355,18
9356,6
9357,9
9358,72
9359,38
9360,82
9361,75
9362,15
9363,29
9364,35
9365,20
9366,30
9367,3
9368,87
9369,50
9370,65
9371,83
9372,91
9373,74
9374,86
9375,91
9376,74
9377,58
9378,36
9379,46
9380,45
9381,49
9382,55
9383,24
9384,32
9385,62
9386,90
9387,46
9388,58
9389,96
9390,1
9391,61
9392,59
9393,21
9394,60
9395,89
9396,82
9397,40
9398,80
9399,52
9400,64
9401,72
9402,32
9403,77
9404,69
9405,8
9406,42
9407,15
9408,11
9409,20
9410,38
9411,52
9412,29
9413,50
9414,75
9415,51
9416,52
9417,26
9418,29
9419,27
9420,80
9421,39
9422,30
9423,99
9424,5
9425,8
9426,19
9427,47
9428,40
9429,58
9430,59
9431,82
9432,31
9433,42
9434,63
9435,70
9436,78
9437,21
9438,17
9439,93
9440,64
9441,74
9442,51
9443,92
9444,61
9445,85
9446,97
9447,13
9448,10
9449,53
9450,74
9451,47
9452,5
9453,43
9454,89
9455,14
9456,77
9457,73
9458,66
9459,55
9460,45
9461,93
9462,46
9463,18
9464,45
9465,87
9466,21
9467,87
9468,50
9469,41
9470,70
9471,34
9472,21
9473,32
9474,90
9475,2
9476,85
9477,2
9478,87
9479,21
9480,87
9481,71
9482,53
9483,27
9484,74
9485,1
9486,8
9487,6
9488,22
9489,61
9490,88
9491,84
9492,10
9493,83
9494,38
9495,85
9496,80
9497,24
9498,24
9499,60
9500,12
9501,28
9502,50
9503,44
9504,90
9505,45
9506,87
9507,79
9508,77
9509,14
9510,47
9511,31
9512,93
9513,59
9514,60
9515,71
9516,87
9517,73
9518,81
9519,2
9520,54
9521,73
9522,15
9523,21
9524,1
9525,34
9526,65
9527,28
9528,95
9529,91
9530,12
9531,97
9532,82
9533,22
9534,16
9535,66
9536,5
9537,41
9538,38
9539,78
9540,73
9541,32
9542,81
9543,63
9544,53
9545,23
9546,81
9547,86
9548,99
9549,71
9550,28
9551,75
9552,46
9553,83
9554,89
9555,16
9556,8
9557,77
9558,22
9559,90
9560,87
9561,18
9562,65
9563,62
9564,49
9565,70
9566,57
9567,77
9568,18
9569,40
9570,91
9571,23
9572,13
9573,2
9574,6
9575,42
9576,46
9577,95
9578,4
9579,35
9580,28
9581,44
9582,36
9583,52
9584,85
9585,43
9586,86
9587,97
9588,53
9589,65
9590,43
9591,30
9592,61
9593,20
9594,22
9595,57
9596,25
9597,79
9598,72
9599,68
9600,20
9601,49
9602,67
9603,86
9604,16
9605,41
9606,63
9607,72
9608,5
9609,51
9610,70
9611,45
9612,42
9613,42
9614,58
9615,48
9616,2
9617,5
9618,26
9619,5
9620,44
9621,56
9622,99
9623,30
9624,99
9625,2
9626,76
9627,65
9628,30
9629,53
9630,93
9631,33
9632,5
9633,92
9634,23
9635,46
9636,72
9637,40
9638,69
9639,62
9640,98
9641,23
9642,78
9643,29
9644,67
9645,50
9646,8
9647,15
9648,4
9649,80
9650,33
9651,60
9652,19
9653,23
9654,48
9655,16
9656,57
9657,94
9658,30
9659,92
9660,43
9661,62
9662,58
9663,19
9664,23
9665,31
9666,9
9667,51
9668,95
9669,84
9670,99
9671,86
9672,53
9673,92
9674,11
9675,52
9676,58
9677,99
9678,85
9679,93
9680,64
9681,82
9682,4
9683,98
9684,43
9685,37
9686,34
9687,47
9688,52
9689,84
9690,53
9691,45
9692,84
9693,83
9694,3
9695,81
9696,87
9697,40
9698,53
9699,27
9700,59
9701,4
9702,33
9703,92
9704,13
9705,44
9706,12
9707,55
9708,89
9709,35
9710,86
9711,82
9712,91
9713,31
9714,91
9715,47
9716,9
9717,73
9718,69
9719,36
9720,9
9721,84
9722,95
9723,37
9724,61
9725,83
9726,69
9727,11
9728,46
9729,76
9730,79
9731,13
9732,75
9733,98
9734,94
9735,24
9736,51
9737,1
9738,33
9739,55
9740,29
9741,77
9742,54
9743,32
9744,31
9745,3
9746,41
9747,66
9748,80
9749,27
9750,45
9751,6
9752,32
9753,25
9754,75
9755,9
9756,77
9757,33
9758,84
9759,40
9760,24
9761,56
9762,65
9763,46
9764,97
9765,73
9766,39
9767,2
9768,97
9769,58
9770,40
9771,52
9772,29
9773,56
9774,11
9775,82
9776,38
9777,66
9778,51
9779,64
9780,34
9781,18
9782,73
9783,64
9784,16
9785,96
9786,49
9787,64
9788,40
9789,36
9790,97
9791,28
9792,14
9793,49
9794,62
9795,0
9796,31
9797,4
9798,12
9799,81
9800,91
9801,5
9802,87
9803,3
9804,74
9805,66
9806,86
9807,48
9808,17
9809,37
9810,80
9811,4
9812,24
9813,50
9814,40
9815,13
9816,35
9817,85
9818,21
9819,76
9820,14
9821,59
9822,49
9823,30
9824,60
9825,65
9826,51
9827,55
9828,87
9829,38
9830,63
9831,53
9832,98
9833,48
9834,24
9835,13
9836,31
9837,30
9838,84
9839,46
9840,61
9841,24
9842,55
9843,98
9844,16
9845,99
9846,27
9847,51
9848,91
9849,83
9850,6
9851,38
9852,57
9853,4
9854,60
9855,90
9856,86
9857,84
9858,11
9859,90
9860,99
9861,77
9862,57
9863,82
9864,2
9865,70
9866,69
9867,69
9868,91
9869,79
9870,80
9871,58
9872,0
9873,20
9874,6
9875,2
9876,82
9877,79
9878,58
9879,73
9880,87
9881,75
9882,85
9883,65
9884,92
9885,7
9886,64
9887,46
9888,62
9889,37
9890,30
9891,28
9892,34
9893,4
9894,24
9895,29
9896,95
9897,1
9898,2
9899,36
9900,59
9901,99
9902,55
9903,85
9904,0
9905,23
9906,64
9907,6
9908,62
9909,31
9910,86
9911,0
9912,72
9913,73
9914,42
9915,91
9916,84
9917,85
9918,90
9919,69
9920,82
9921,11
9922,89
9923,68
9924,68
9925,76
9926,31
9927,5
9928,8
9929,81
9930,13
9931,30
9932,78
9933,88
9934,96
9935,84
9936,41
9937,12
9938,62
9939,82
9940,82
9941,26
9942,64
9943,70
9944,50
9945,74
9946,22
9947,29
9948,97
9949,72
9950,56
9951,45
9952,6
9953,55
9954,95
9955,54
9956,53
9957,45
9958,16
9959,73
9960,44
9961,33
9962,18
9963,86
9964,19
9965,97
9966,4
9967,21
9968,45
9969,89
9970,6
9971,85
9972,26
9973,49
9974,47
9975,14
9976,80
9977,83
9978,3
9979,27
9980,30
9981,52
9982,74
9983,29
9984,59
9985,90
9986,14
9987,77
9988,3
9989,7
9990,75
9991,27
9992,16
9993,30
9994,45
9995,83
9996,14
9997,51
9998,88
9999,70
